[{"@type":"mtTask","id":"@1","name":"mt_IDMC_CommitHistory","description":"","runtimeEnvironmentId":"@7r6471UG3g8hMoBWLSWwmq","maxLogs":10,"verbose":false,"lastRunTime":1694704386000,"mappingId":"@4pID1Wtv5W9b1Epldhq4oA","frsGuid":"alLmRkHjHg3bt31NSaibyF","shortDescription":"","sessionPropertiesList":[{"name":"Allow Temporary Sequence for Pushdown","value":"NO","recommended":false},{"name":"Allow Temporary View for Pushdown","value":"NO","recommended":false},{"name":"Pushdown Optimization","value":"None","recommended":false},{"name":"Pushdown Optimization Context","value":"None","recommended":false},{"name":"Pushdown Optimization Fallback Option","value":"Partial PDO","recommended":false}],"enableCrossSchemaPushdown":true,"enableParallelRun":false,"autoTunedApplied":false,"autoTunedAppliedType":"NONE","parameterFileName":"reports_RestAPI.param","parameterFileDir":"C:/IICS/ParFiles","paramFileType":"PARAM_FILE_LOCAL","schemaMode":"async","valid":true,"schemaValidationErrorCount":-1,"parameterFileEncoding":"UTF-8","serverlessProperties":{},"taskProperties":[{"@type":"taskProperty","name":"parameterFileDir","currentValue":"C:/IICS/ParFiles","type":"STRING","label":"label.parameterFileDir","required":false},{"@type":"taskProperty","name":"parameterFileName","currentValue":"reports_RestAPI.param","type":"STRING","label":"label.parameterFileName","required":false}],"parameters":[{"@type":"mtTaskParameter","id":198591822,"name":"$SRC_InfaSessionID$","type":"EXTENDED_SOURCE","label":"Par_Conn_DB_IDMC","description":"","uiProperties":{"cnxtype":"Oracle","connectionParameterized":"true","paramName":"Par_Conn_DB_IDMC","paramLabel":"","paramType-mapping":"Connection","logcnx":"Par_Conn_DB_IDMC","isSelectDistinct":"false","isMsrcFilterParameterized":"false","isMsrcSortParameterized":"false","objlabel":"Par_SRC_IDMC_LOGIN","origobjlabel":"","objectParameterized":"true","objDesc":"","objectParamName":"Par_SRC_IDMC_LOGIN","objectParamType-mapping":"DataObject","originalPath":"SRC_InfaSessionID"},"sourceConnectionId":"@0kmm4ZfPTVXbfO81Zsyd0k","newFlatFile":false,"newObject":false,"showBusinessNames":true,"naturalOrder":true,"truncateTarget":false,"bulkApiDBTarget":false,"customFuncCfg":{"@type":"customFuncConfig","id":-1,"connections":[],"inputMap":[],"outputFields":[]},"targetRefsV2":{},"targetUpdateColumns":[],"extendedObject":{"@type":"extendedObject","object":{"@type":"mObject","name":"IDMC_LOGIN","label":"IDMC_LOGIN","metadataUpdated":false,"relations":[],"children":[]},"singleMode":true,"objects":[{"@type":"mObject","name":"IDMC_LOGIN","label":"IDMC_LOGIN","metadataUpdated":false,"relations":[],"children":[]}],"filters":[],"sortFields":[]},"runtimeAttrs":{},"isRESTModernSource":true,"isFileList":false,"handleSpecialChars":false,"handleDecimalRoundOff":false,"frsAsset":false,"dynamicFileName":false,"excludeDynamicFileNameField":false,"currentlyProcessedFileName":false,"retainFieldMetadata":false,"useExactSrcNames":false,"tgtObjectAttributes":{},"runtimeParameterData":{"@type":"mtTaskRuntimeParameterData","isConnectionRuntimeParameter":true,"isObjectRuntimeParameter":true,"connectionParameterName":"Par_Conn_DB_IDMC","objectParameterName":"Par_SRC_IDMC_LOGIN","objectDefaultValue":"IDMC_LOGIN"},"overridableProperties":[],"overriddenFields":[]},{"@type":"mtTaskParameter","id":198591823,"name":"$TGT_CommitChanges$","type":"TARGET","label":"Par_Conn_DB_IDMC","description":"","uiProperties":{"cnxtype":"Oracle","connectionParameterized":"true","paramName":"Par_Conn_DB_IDMC","paramLabel":"","paramType-mapping":"Connection","logcnx":"Par_Conn_DB_IDMC","objlabel":"Par_TGT_IDMC_COMMIT_CHANGES","origobjlabel":"","objectParameterized":"true","objDesc":"","objectParamName":"Par_TGT_IDMC_COMMIT_CHANGES","objectParamType-mapping":"DataObject","defaultTargetUpdateColumns":"","supportApplyDDLChanges":"true","originalPath":"TGT_CommitChanges"},"targetConnectionId":"@0kmm4ZfPTVXbfO81Zsyd0k","targetObject":"IDMC_COMMIT_CHANGES","targetObjectLabel":"IDMC_COMMIT_CHANGES","newFlatFile":false,"newObject":false,"showBusinessNames":true,"naturalOrder":true,"truncateTarget":true,"bulkApiDBTarget":false,"operationType":"Insert","customFuncCfg":{"@type":"customFuncConfig","id":-1,"connections":[],"inputMap":[],"outputFields":[]},"targetRefsV2":{},"targetUpdateColumns":[],"extendedObject":{"@type":"extendedObject","singleMode":true,"filters":[],"sortFields":[]},"runtimeAttrs":{},"isRESTModernSource":true,"isFileList":false,"handleSpecialChars":false,"handleDecimalRoundOff":false,"frsAsset":false,"dynamicFileName":false,"excludeDynamicFileNameField":false,"currentlyProcessedFileName":false,"retainFieldMetadata":false,"objectName":"IDMC_COMMIT_CHANGES","objectLabel":"IDMC_COMMIT_CHANGES","useExactSrcNames":false,"tgtObjectAttributes":{},"runtimeParameterData":{"@type":"mtTaskRuntimeParameterData","isConnectionRuntimeParameter":true,"isObjectRuntimeParameter":true,"connectionParameterName":"Par_Conn_DB_IDMC","objectParameterName":"Par_TGT_IDMC_COMMIT_CHANGES","objectDefaultValue":"IDMC_COMMIT_CHANGES"},"overridableProperties":[],"overriddenFields":[]},{"@type":"mtTaskParameter","id":198591824,"name":"$TGT_CommitHistory$","type":"TARGET","label":"Par_Conn_DB_IDMC","description":"","uiProperties":{"cnxtype":"Oracle","connectionParameterized":"true","paramName":"Par_Conn_DB_IDMC","paramLabel":"","paramType-mapping":"Connection","logcnx":"Par_Conn_DB_IDMC","objlabel":"Par_TGT_IDMC_COMMIT_HISTORY","origobjlabel":"","objectParameterized":"true","objDesc":"","objectParamName":"Par_TGT_IDMC_COMMIT_HISTORY","objectParamType-mapping":"DataObject","defaultTargetUpdateColumns":"","supportApplyDDLChanges":"true","originalPath":"TGT_CommitHistory"},"targetConnectionId":"@0kmm4ZfPTVXbfO81Zsyd0k","targetObject":"IDMC_COMMIT_HISTORY","targetObjectLabel":"IDMC_COMMIT_HISTORY","newFlatFile":false,"newObject":false,"showBusinessNames":true,"naturalOrder":true,"truncateTarget":true,"bulkApiDBTarget":false,"operationType":"Insert","customFuncCfg":{"@type":"customFuncConfig","id":-1,"connections":[],"inputMap":[],"outputFields":[]},"targetRefsV2":{},"targetUpdateColumns":[],"extendedObject":{"@type":"extendedObject","singleMode":true,"filters":[],"sortFields":[]},"runtimeAttrs":{},"isRESTModernSource":true,"isFileList":false,"handleSpecialChars":false,"handleDecimalRoundOff":false,"frsAsset":false,"dynamicFileName":false,"excludeDynamicFileNameField":false,"currentlyProcessedFileName":false,"retainFieldMetadata":false,"objectName":"IDMC_COMMIT_HISTORY","objectLabel":"IDMC_COMMIT_HISTORY","useExactSrcNames":false,"tgtObjectAttributes":{},"runtimeParameterData":{"@type":"mtTaskRuntimeParameterData","isConnectionRuntimeParameter":true,"isObjectRuntimeParameter":true,"connectionParameterName":"Par_Conn_DB_IDMC","objectParameterName":"Par_TGT_IDMC_COMMIT_HISTORY","objectDefaultValue":"IDMC_COMMIT_HISTORY"},"overridableProperties":[],"overriddenFields":[]},{"@type":"mtTaskParameter","id":198591825,"name":"$TGT_CommitPath$","type":"TARGET","label":"Par_Conn_DB_IDMC","description":"","uiProperties":{"cnxtype":"Oracle","connectionParameterized":"true","paramName":"Par_Conn_DB_IDMC","paramLabel":"","paramType-mapping":"Connection","logcnx":"Par_Conn_DB_IDMC","objlabel":"Par_TGT_IDMC_COMMIT_PATH","origobjlabel":"","objectParameterized":"true","objDesc":"","objectParamName":"Par_TGT_IDMC_COMMIT_PATH","objectParamType-mapping":"DataObject","defaultTargetUpdateColumns":"","supportApplyDDLChanges":"true","originalPath":"TGT_CommitPath"},"targetConnectionId":"@0kmm4ZfPTVXbfO81Zsyd0k","targetObject":"IDMC_COMMIT_PATH","targetObjectLabel":"IDMC_COMMIT_PATH","newFlatFile":false,"newObject":false,"showBusinessNames":true,"naturalOrder":true,"truncateTarget":true,"bulkApiDBTarget":false,"operationType":"Insert","customFuncCfg":{"@type":"customFuncConfig","id":-1,"connections":[],"inputMap":[],"outputFields":[]},"targetRefsV2":{},"targetUpdateColumns":[],"extendedObject":{"@type":"extendedObject","singleMode":true,"filters":[],"sortFields":[]},"runtimeAttrs":{},"isRESTModernSource":true,"isFileList":false,"handleSpecialChars":false,"handleDecimalRoundOff":false,"frsAsset":false,"dynamicFileName":false,"excludeDynamicFileNameField":false,"currentlyProcessedFileName":false,"retainFieldMetadata":false,"objectName":"IDMC_COMMIT_PATH","objectLabel":"IDMC_COMMIT_PATH","useExactSrcNames":false,"tgtObjectAttributes":{},"runtimeParameterData":{"@type":"mtTaskRuntimeParameterData","isConnectionRuntimeParameter":true,"isObjectRuntimeParameter":true,"connectionParameterName":"Par_Conn_DB_IDMC","objectParameterName":"Par_TGT_IDMC_COMMIT_PATH","objectDefaultValue":"IDMC_COMMIT_PATH"},"overridableProperties":[],"overriddenFields":[]},{"@type":"mtTaskParameter","id":198591826,"name":"$WS_CommitDetails$","type":"BUSINESS_SERVICE","label":"WS_CommitDetails","uiProperties":{"visible":"false","originalPath":"WS_CommitDetails"},"newFlatFile":false,"newObject":false,"showBusinessNames":true,"naturalOrder":true,"truncateTarget":false,"bulkApiDBTarget":false,"customFuncCfg":{"@type":"customFuncConfig","id":-1,"connections":[],"inputMap":[],"outputFields":[]},"targetRefsV2":{},"targetUpdateColumns":[],"runtimeAttrs":{},"isRESTModernSource":true,"isFileList":false,"handleSpecialChars":false,"handleDecimalRoundOff":false,"frsAsset":false,"dynamicFileName":false,"excludeDynamicFileNameField":false,"currentlyProcessedFileName":false,"retainFieldMetadata":false,"useExactSrcNames":false,"businessServiceData":{"@type":"businessServiceData","businessServiceId":"@7UlBygQZ8oJekKMhYOmE89","operationId":"@7UlBygQZ8oJekKMhYOmE89@commitDetails"},"tgtObjectAttributes":{},"runtimeParameterData":{"@type":"mtTaskRuntimeParameterData","isConnectionRuntimeParameter":false,"isObjectRuntimeParameter":false},"overridableProperties":[],"overriddenFields":[]},{"@type":"mtTaskParameter","id":198591827,"name":"$WS_CommitHistory$","type":"BUSINESS_SERVICE","label":"WS_CommitHistory","uiProperties":{"visible":"false","originalPath":"WS_CommitHistory"},"newFlatFile":false,"newObject":false,"showBusinessNames":true,"naturalOrder":true,"truncateTarget":false,"bulkApiDBTarget":false,"customFuncCfg":{"@type":"customFuncConfig","id":-1,"connections":[],"inputMap":[],"outputFields":[]},"targetRefsV2":{},"targetUpdateColumns":[],"runtimeAttrs":{},"isRESTModernSource":true,"isFileList":false,"handleSpecialChars":false,"handleDecimalRoundOff":false,"frsAsset":false,"dynamicFileName":false,"excludeDynamicFileNameField":false,"currentlyProcessedFileName":false,"retainFieldMetadata":false,"useExactSrcNames":false,"businessServiceData":{"@type":"businessServiceData","businessServiceId":"@7UlBygQZ8oJekKMhYOmE89","operationId":"@7UlBygQZ8oJekKMhYOmE89@commitHistory"},"tgtObjectAttributes":{},"runtimeParameterData":{"@type":"mtTaskRuntimeParameterData","isConnectionRuntimeParameter":false,"isObjectRuntimeParameter":false},"overridableProperties":[],"overriddenFields":[]}],"sequences":[],"inOutParameters":[{"@type":"mtTaskInOutParameter","id":"-1","name":"Environment","description":"","initialValue":"","datatype":"STRING","precision":"255","scale":"0","retentionPolicy":"NEVER","aggregationType":"MAX","currentValue":""}],"connRuntimeAttrs":[]}]