[{"@type":"mappingTemplate","id":"@1","name":"m_IDMC_Login","description":"","bundleVersion":"0","templateId":"@3","deployTime":1694802193000,"hasParameters":true,"valid":true,"fixedConnection":true,"hasParametersDeployed":true,"fixedConnectionDeployed":true,"isSchemaValidationEnabled":false,"tasks":1,"mappingPreviewFileRecordId":"@2","documentType":"MAPPING","references":[{"@type":"reference","refObjectId":"@6lgaOTTzJINdiqnDzDdWwS@login","refType":"businessOperation"},{"@type":"reference","refObjectId":"@6lgaOTTzJINdiqnDzDdWwS","refType":"businessService"}]}]