[{"@type":"mappingTemplate","id":"@1","name":"m_IDMC_Login","description":"","bundleVersion":"0","templateId":"@3","deployTime":1694030803000,"hasParameters":false,"valid":true,"fixedConnection":true,"hasParametersDeployed":false,"fixedConnectionDeployed":true,"isSchemaValidationEnabled":false,"tasks":1,"mappingPreviewFileRecordId":"@2","documentType":"MAPPING","references":[{"@type":"reference","refObjectId":"@90wlWHyWI6UeRnqkOZJNG0","refType":"connection"},{"@type":"reference","refObjectId":"@6lgaOTTzJINdiqnDzDdWwS@login","refType":"businessOperation"},{"@type":"reference","refObjectId":"@6lgaOTTzJINdiqnDzDdWwS","refType":"businessService"},{"@type":"reference","refObjectId":"@0kmm4ZfPTVXbfO81Zsyd0k","refType":"connection"}]}]