[{"@type":"mtTask","id":"@1","name":"mt_IDMC_ActivityLog","description":"","runtimeEnvironmentId":"@7r6471UG3g8hMoBWLSWwmq","maxLogs":10,"verbose":false,"lastRunTime":1695180986000,"mappingId":"@1V0OZZV6wSglOonvUyXiGG","frsGuid":"aMDjLmIlUoIeNlNZrYLLOU","shortDescription":"","sessionPropertiesList":[{"name":"Allow Temporary Sequence for Pushdown","value":"NO","recommended":false},{"name":"Allow Temporary View for Pushdown","value":"NO","recommended":false},{"name":"Pushdown Optimization","value":"None","recommended":false},{"name":"Pushdown Optimization Context","value":"None","recommended":false},{"name":"Pushdown Optimization Fallback Option","value":"Partial PDO","recommended":false},{"name":"Treat source rows as","value":"Update","recommended":false}],"enableCrossSchemaPushdown":true,"enableParallelRun":false,"autoTunedApplied":false,"autoTunedAppliedType":"NONE","parameterFileName":"reports_RestAPI.param","parameterFileDir":"C:/IICS/ParFiles","paramFileType":"PARAM_FILE_LOCAL","schemaMode":"async","valid":true,"schemaValidationErrorCount":-1,"parameterFileEncoding":"UTF-8","serverlessProperties":{},"taskProperties":[{"@type":"taskProperty","name":"parameterFileDir","currentValue":"C:/IICS/ParFiles","type":"STRING","label":"label.parameterFileDir","required":false},{"@type":"taskProperty","name":"parameterFileName","currentValue":"reports_RestAPI.param","type":"STRING","label":"label.parameterFileName","required":false}],"parameters":[{"@type":"mtTaskParameter","id":198769145,"name":"$SRC_InfaSessionID$","type":"EXTENDED_SOURCE","label":"Par_Conn_DB_IDMC","description":"","uiProperties":{"cnxtype":"Oracle","connectionParameterized":"true","paramName":"Par_Conn_DB_IDMC","paramLabel":"","paramType-mapping":"Connection","logcnx":"Par_Conn_DB_IDMC","isSelectDistinct":"false","isMsrcFilterParameterized":"false","isMsrcSortParameterized":"false","objlabel":"Par_SRC_IDMC_LOGIN","origobjlabel":"","objectParameterized":"true","objDesc":"","objectParamName":"Par_SRC_IDMC_LOGIN","objectParamType-mapping":"DataObject","originalPath":"SRC_InfaSessionID"},"sourceConnectionId":"@0kmm4ZfPTVXbfO81Zsyd0k","newFlatFile":false,"newObject":false,"showBusinessNames":true,"naturalOrder":true,"truncateTarget":false,"bulkApiDBTarget":false,"customFuncCfg":{"@type":"customFuncConfig","id":-1,"connections":[],"inputMap":[],"outputFields":[]},"targetRefsV2":{},"targetUpdateColumns":[],"extendedObject":{"@type":"extendedObject","object":{"@type":"mObject","name":"IDMC_LOGIN","label":"IDMC_LOGIN","metadataUpdated":false,"relations":[],"children":[]},"advancedFilterExpression":"ENVIRONMENT='$$Environment'","singleMode":true,"objects":[{"@type":"mObject","name":"IDMC_LOGIN","label":"IDMC_LOGIN","metadataUpdated":false,"relations":[],"children":[]}],"filters":[],"sortFields":[]},"runtimeAttrs":{},"isRESTModernSource":true,"isFileList":false,"handleSpecialChars":false,"handleDecimalRoundOff":false,"frsAsset":false,"dynamicFileName":false,"excludeDynamicFileNameField":false,"currentlyProcessedFileName":false,"retainFieldMetadata":false,"useExactSrcNames":false,"tgtObjectAttributes":{},"runtimeParameterData":{"@type":"mtTaskRuntimeParameterData","isConnectionRuntimeParameter":true,"isObjectRuntimeParameter":true,"connectionParameterName":"Par_Conn_DB_IDMC","objectParameterName":"Par_SRC_IDMC_LOGIN","objectDefaultValue":"IDMC_LOGIN"},"overridableProperties":[],"overriddenFields":[]},{"@type":"mtTaskParameter","id":198769146,"name":"$TGT_ActivityLog$","type":"TARGET","label":"Par_Conn_DB_IDMC","description":"","uiProperties":{"cnxtype":"Oracle","connectionParameterized":"true","paramName":"Par_Conn_DB_IDMC","paramLabel":"","paramType-mapping":"Connection","logcnx":"Par_Conn_DB_IDMC","objlabel":"Par_TGT_IDMC_ACTIVITYLOG","origobjlabel":"","objectParameterized":"true","objDesc":"","objectParamName":"Par_TGT_IDMC_ACTIVITYLOG","objectParamType-mapping":"DataObject","defaultTargetUpdateColumns":"ACTIVITYLOGID,ENVIRONMENT","supportApplyDDLChanges":"true","originalPath":"TGT_ActivityLog"},"targetConnectionId":"@0kmm4ZfPTVXbfO81Zsyd0k","targetObject":"IDMC_ACTIVITYLOG","targetObjectLabel":"IDMC_ACTIVITYLOG","newFlatFile":false,"newObject":false,"showBusinessNames":true,"naturalOrder":true,"truncateTarget":false,"bulkApiDBTarget":false,"operationType":"Upsert","customFuncCfg":{"@type":"customFuncConfig","id":-1,"connections":[],"inputMap":[],"outputFields":[]},"targetRefsV2":{},"targetUpdateColumns":["ACTIVITYLOGID","ENVIRONMENT"],"extendedObject":{"@type":"extendedObject","singleMode":true,"filters":[],"sortFields":[]},"runtimeAttrs":{},"isRESTModernSource":true,"isFileList":false,"handleSpecialChars":false,"handleDecimalRoundOff":false,"frsAsset":false,"dynamicFileName":false,"excludeDynamicFileNameField":false,"currentlyProcessedFileName":false,"retainFieldMetadata":false,"objectName":"IDMC_ACTIVITYLOG","objectLabel":"IDMC_ACTIVITYLOG","useExactSrcNames":false,"tgtObjectAttributes":{},"targetSchemaMode":"DONT_APPLY_CHANGES","runtimeParameterData":{"@type":"mtTaskRuntimeParameterData","isConnectionRuntimeParameter":true,"isObjectRuntimeParameter":true,"connectionParameterName":"Par_Conn_DB_IDMC","objectParameterName":"Par_TGT_IDMC_ACTIVITYLOG","objectDefaultValue":"IDMC_ACTIVITYLOG"},"overridableProperties":[],"overriddenFields":[]},{"@type":"mtTaskParameter","id":198769147,"name":"$TGT_ActivityLog_Entries$","type":"TARGET","label":"Par_Conn_DB_IDMC","description":"","uiProperties":{"cnxtype":"Oracle","connectionParameterized":"true","paramName":"Par_Conn_DB_IDMC","paramLabel":"","paramType-mapping":"Connection","logcnx":"Par_Conn_DB_IDMC","objlabel":"Par_TGT_IDMC_ACTIVITYLOG_ENTRIES","origobjlabel":"","objectParameterized":"true","objDesc":"","objectParamName":"Par_TGT_IDMC_ACTIVITYLOG_ENTRIES","objectParamType-mapping":"DataObject","defaultTargetUpdateColumns":"ACTIVITYLOGID,ENTRIESID,ENVIRONMENT","supportApplyDDLChanges":"true","originalPath":"TGT_ActivityLog_Entries"},"targetConnectionId":"@0kmm4ZfPTVXbfO81Zsyd0k","targetObject":"IDMC_ACTIVITYLOG_ENTRIES","targetObjectLabel":"IDMC_ACTIVITYLOG_ENTRIES","newFlatFile":false,"newObject":false,"showBusinessNames":true,"naturalOrder":true,"truncateTarget":false,"bulkApiDBTarget":false,"operationType":"Upsert","customFuncCfg":{"@type":"customFuncConfig","id":-1,"connections":[],"inputMap":[],"outputFields":[]},"targetRefsV2":{},"targetUpdateColumns":["ACTIVITYLOGID","ENTRIESID","ENVIRONMENT"],"extendedObject":{"@type":"extendedObject","singleMode":true,"filters":[],"sortFields":[]},"runtimeAttrs":{},"isRESTModernSource":true,"isFileList":false,"handleSpecialChars":false,"handleDecimalRoundOff":false,"frsAsset":false,"dynamicFileName":false,"excludeDynamicFileNameField":false,"currentlyProcessedFileName":false,"retainFieldMetadata":false,"objectName":"IDMC_ACTIVITYLOG_ENTRIES","objectLabel":"IDMC_ACTIVITYLOG_ENTRIES","useExactSrcNames":false,"tgtObjectAttributes":{},"targetSchemaMode":"DONT_APPLY_CHANGES","runtimeParameterData":{"@type":"mtTaskRuntimeParameterData","isConnectionRuntimeParameter":true,"isObjectRuntimeParameter":true,"connectionParameterName":"Par_Conn_DB_IDMC","objectParameterName":"Par_TGT_IDMC_ACTIVITYLOG_ENTRIES","objectDefaultValue":"IDMC_ACTIVITYLOG_ENTRIES"},"overridableProperties":[],"overriddenFields":[]},{"@type":"mtTaskParameter","id":198769148,"name":"$TGT_ActivityLog_TransformationEntries$","type":"TARGET","label":"Par_Conn_DB_IDMC","description":"","uiProperties":{"cnxtype":"Oracle","connectionParameterized":"true","paramName":"Par_Conn_DB_IDMC","paramLabel":"","paramType-mapping":"Connection","logcnx":"Par_Conn_DB_IDMC","objlabel":"Par_TGT_IDMC_ACTIVITYLOG_TRANSFENTRIES","origobjlabel":"","objectParameterized":"true","objDesc":"","objectParamName":"Par_TGT_IDMC_ACTIVITYLOG_TRANSFENTRIES","objectParamType-mapping":"DataObject","defaultTargetUpdateColumns":"ENTRIESID,TRANSFENTRIESID,ENVIRONMENT","supportApplyDDLChanges":"true","originalPath":"TGT_ActivityLog_TransformationEntries"},"targetConnectionId":"@0kmm4ZfPTVXbfO81Zsyd0k","targetObject":"IDMC_ACTIVITYLOG_TRANSFENTRIES","targetObjectLabel":"IDMC_ACTIVITYLOG_TRANSFENTRIES","newFlatFile":false,"newObject":false,"showBusinessNames":true,"naturalOrder":true,"truncateTarget":false,"bulkApiDBTarget":false,"operationType":"Upsert","customFuncCfg":{"@type":"customFuncConfig","id":-1,"connections":[],"inputMap":[],"outputFields":[]},"targetRefsV2":{},"targetUpdateColumns":["ENTRIESID","TRANSFENTRIESID","ENVIRONMENT"],"extendedObject":{"@type":"extendedObject","singleMode":true,"filters":[],"sortFields":[]},"runtimeAttrs":{},"isRESTModernSource":true,"isFileList":false,"handleSpecialChars":false,"handleDecimalRoundOff":false,"frsAsset":false,"dynamicFileName":false,"excludeDynamicFileNameField":false,"currentlyProcessedFileName":false,"retainFieldMetadata":false,"objectName":"IDMC_ACTIVITYLOG_TRANSFENTRIES","objectLabel":"IDMC_ACTIVITYLOG_TRANSFENTRIES","useExactSrcNames":false,"tgtObjectAttributes":{},"targetSchemaMode":"DONT_APPLY_CHANGES","runtimeParameterData":{"@type":"mtTaskRuntimeParameterData","isConnectionRuntimeParameter":true,"isObjectRuntimeParameter":true,"connectionParameterName":"Par_Conn_DB_IDMC","objectParameterName":"Par_TGT_IDMC_ACTIVITYLOG_TRANSFENTRIES","objectDefaultValue":"IDMC_ACTIVITYLOG_TRANSFENTRIES"},"overridableProperties":[],"overriddenFields":[]},{"@type":"mtTaskParameter","id":198769149,"name":"$LKP_ActivityLog$","type":"LOOKUP","label":"Par_Conn_DB_IDMC","description":"","uiProperties":{"cnxtype":"Oracle","connectionParameterized":"true","paramName":"Par_Conn_DB_IDMC","paramLabel":"","paramType-mapping":"Connection","logcnx":"Par_Conn_DB_IDMC","isCachedLookup":"true","multipleMatchPolicy":"Use Any Value","objlabel":"Par_TGT_IDMC_ACTIVITYLOG","origobjlabel":"","objectParameterized":"true","objDesc":"","objectParamName":"Par_TGT_IDMC_ACTIVITYLOG","objectParamType-mapping":"DataObject","originalPath":"LKP_ActivityLog"},"lookupConnectionId":"@0kmm4ZfPTVXbfO81Zsyd0k","lookupObject":"IDMC_ACTIVITYLOG","lookupObjectLabel":"IDMC_ACTIVITYLOG","newFlatFile":false,"newObject":false,"showBusinessNames":true,"naturalOrder":true,"truncateTarget":false,"bulkApiDBTarget":false,"customFuncCfg":{"@type":"customFuncConfig","id":-1,"connections":[],"inputMap":[],"outputFields":[]},"targetRefsV2":{},"targetUpdateColumns":[],"runtimeAttrs":{},"isRESTModernSource":true,"isFileList":false,"handleSpecialChars":false,"handleDecimalRoundOff":false,"frsAsset":false,"dynamicFileName":false,"excludeDynamicFileNameField":false,"currentlyProcessedFileName":false,"retainFieldMetadata":false,"objectName":"IDMC_ACTIVITYLOG","objectLabel":"IDMC_ACTIVITYLOG","useExactSrcNames":false,"tgtObjectAttributes":{},"runtimeParameterData":{"@type":"mtTaskRuntimeParameterData","isConnectionRuntimeParameter":true,"isObjectRuntimeParameter":true,"connectionParameterName":"Par_Conn_DB_IDMC","objectParameterName":"Par_TGT_IDMC_ACTIVITYLOG","objectDefaultValue":"IDMC_ACTIVITYLOG"},"overridableProperties":[],"overriddenFields":[]},{"@type":"mtTaskParameter","id":198769150,"name":"$WS_ActivityLog$","type":"BUSINESS_SERVICE","label":"WS_ActivityLog","uiProperties":{"visible":"false","originalPath":"WS_ActivityLog"},"newFlatFile":false,"newObject":false,"showBusinessNames":true,"naturalOrder":true,"truncateTarget":false,"bulkApiDBTarget":false,"customFuncCfg":{"@type":"customFuncConfig","id":-1,"connections":[],"inputMap":[],"outputFields":[]},"targetRefsV2":{},"targetUpdateColumns":[],"runtimeAttrs":{},"isRESTModernSource":true,"isFileList":false,"handleSpecialChars":false,"handleDecimalRoundOff":false,"frsAsset":false,"dynamicFileName":false,"excludeDynamicFileNameField":false,"currentlyProcessedFileName":false,"retainFieldMetadata":false,"useExactSrcNames":false,"businessServiceData":{"@type":"businessServiceData","businessServiceId":"@7UlBygQZ8oJekKMhYOmE89","operationId":"@7UlBygQZ8oJekKMhYOmE89@activityLog"},"tgtObjectAttributes":{},"runtimeParameterData":{"@type":"mtTaskRuntimeParameterData","isConnectionRuntimeParameter":false,"isObjectRuntimeParameter":false},"overridableProperties":[],"overriddenFields":[]}],"sequences":[],"inOutParameters":[{"@type":"mtTaskInOutParameter","id":"-1","name":"Environment","description":"","initialValue":"","datatype":"STRING","precision":"255","scale":"0","retentionPolicy":"NEVER","aggregationType":"MAX","currentValue":""}],"connRuntimeAttrs":[]}]