[{"@type":"businessService","id":"@1","name":"BS_Login","description":"","type":"WebService","connectionId":"@8ULqz5zBTP8e1st9RBYjMa","businessOperations":[{"@type":"businessOperation","id":"@6lgaOTTzJINdiqnDzDdWwS@login","originName":"login","name":"login","description":"","configured":false,"metadataId":"@4","requestId":"@5","responseId":"@6","faultId":"@3","extensionXmlId":"@2"},{"@type":"businessOperation","id":"@6lgaOTTzJINdiqnDzDdWwS@logout","originName":"logout","name":"logout","description":"","configured":false,"metadataId":"@9","requestId":"@10","responseId":"@11","faultId":"@8","extensionXmlId":"@7"}]}]