[{"@type":"fileRecord","id":"@6","name":"response","type":"XSD","size":18379,"attachTime":1694012397000},{"@type":"fileRecord","id":"@5","name":"request","type":"XSD","size":7428,"attachTime":1694012397000},{"@type":"fileRecord","id":"@4","name":"metadata","type":"JSON","size":10134,"attachTime":1694012397000},{"@type":"fileRecord","id":"@7","name":"extension","type":"XML","size":34154,"attachTime":1694012397000},{"@type":"fileRecord","id":"@8","name":"fault","type":"XSD","size":6562,"attachTime":1694012397000},{"@type":"fileRecord","id":"@11","name":"response","type":"XSD","size":13853,"attachTime":1694012397000},{"@type":"fileRecord","id":"@10","name":"request","type":"XSD","size":7177,"attachTime":1694012397000},{"@type":"fileRecord","id":"@9","name":"metadata","type":"JSON","size":6539,"attachTime":1694012397000},{"@type":"fileRecord","id":"@2","name":"extension","type":"XML","size":38922,"attachTime":1694012397000},{"@type":"fileRecord","id":"@3","name":"fault","type":"XSD","size":6556,"attachTime":1694012397000}]