[{"@type":"mappingTemplate","id":"@1","name":"m_IDMC_IPUUsage","description":"","bundleVersion":"0","templateId":"@3","deployTime":1694469299000,"hasParameters":false,"valid":true,"fixedConnection":true,"hasParametersDeployed":false,"fixedConnectionDeployed":true,"isSchemaValidationEnabled":false,"tasks":1,"mappingPreviewFileRecordId":"@2","documentType":"MAPPING","references":[{"@type":"reference","refObjectId":"@0kmm4ZfPTVXbfO81Zsyd0k","refType":"connection"},{"@type":"reference","refObjectId":"@90wlWHyWI6UeRnqkOZJNG0","refType":"connection"}]}]