[{"@type":"businessService","id":"@1","name":"BS_restAPI","description":"","type":"WebService","connectionId":"@4C2xY4mxEKDjoTOzm4HEqi","businessOperations":[{"@type":"businessOperation","id":"@7UlBygQZ8oJekKMhYOmE89@connection","originName":"connection","name":"connection","description":"","configured":false,"metadataId":"@4","requestId":"@5","responseId":"@6","faultId":"@3","extensionXmlId":"@2"},{"@type":"businessOperation","id":"@7UlBygQZ8oJekKMhYOmE89@activityLog","originName":"activityLog","name":"activityLog","description":"","configured":false,"metadataId":"@9","requestId":"@10","responseId":"@11","faultId":"@8","extensionXmlId":"@7"},{"@type":"businessOperation","id":"@7UlBygQZ8oJekKMhYOmE89@users","originName":"users","name":"users","description":"","configured":false,"metadataId":"@14","requestId":"@15","responseId":"@16","faultId":"@13","extensionXmlId":"@12"},{"@type":"businessOperation","id":"@7UlBygQZ8oJekKMhYOmE89@groups","originName":"groups","name":"groups","description":"","configured":false,"metadataId":"@19","requestId":"@20","responseId":"@21","faultId":"@18","extensionXmlId":"@17"},{"@type":"businessOperation","id":"@7UlBygQZ8oJekKMhYOmE89@roles","originName":"roles","name":"roles","description":"","configured":false,"metadataId":"@24","requestId":"@25","responseId":"@26","faultId":"@23","extensionXmlId":"@22"},{"@type":"businessOperation","id":"@7UlBygQZ8oJekKMhYOmE89@license","originName":"license","name":"license","description":"","configured":false,"metadataId":"@29","requestId":"@30","responseId":"@31","faultId":"@28","extensionXmlId":"@27"},{"@type":"businessOperation","id":"@7UlBygQZ8oJekKMhYOmE89@IPUUsage","originName":"IPUUsage","name":"IPUUsage","description":"","configured":false,"metadataId":"@34","requestId":"@35","responseId":"@36","faultId":"@33","extensionXmlId":"@32"},{"@type":"businessOperation","id":"@7UlBygQZ8oJekKMhYOmE89@commitHistory","originName":"commitHistory","name":"commitHistory","description":"","configured":false,"metadataId":"@39","requestId":"@40","responseId":"@41","faultId":"@38","extensionXmlId":"@37"},{"@type":"businessOperation","id":"@7UlBygQZ8oJekKMhYOmE89@commitDetails","originName":"commitDetails","name":"commitDetails","description":"","configured":false,"metadataId":"@44","requestId":"@45","responseId":"@46","faultId":"@43","extensionXmlId":"@42"}]}]