[{"@type":"fileRecord","id":"@6","name":"response","type":"XSD","size":15851,"attachTime":1694464980000},{"@type":"fileRecord","id":"@12","name":"extension","type":"XML","size":36411,"attachTime":1694464980000},{"@type":"fileRecord","id":"@5","name":"request","type":"XSD","size":6610,"attachTime":1694464980000},{"@type":"fileRecord","id":"@13","name":"fault","type":"XSD","size":6556,"attachTime":1694464980000},{"@type":"fileRecord","id":"@4","name":"metadata","type":"JSON","size":8365,"attachTime":1694464980000},{"@type":"fileRecord","id":"@16","name":"response","type":"XSD","size":16664,"attachTime":1694464980000},{"@type":"fileRecord","id":"@15","name":"request","type":"XSD","size":6618,"attachTime":1694464980000},{"@type":"fileRecord","id":"@14","name":"metadata","type":"JSON","size":8743,"attachTime":1694464980000},{"@type":"fileRecord","id":"@7","name":"extension","type":"XML","size":50620,"attachTime":1694464980000},{"@type":"fileRecord","id":"@8","name":"fault","type":"XSD","size":6592,"attachTime":1694464980000},{"@type":"fileRecord","id":"@11","name":"response","type":"XSD","size":30826,"attachTime":1694464980000},{"@type":"fileRecord","id":"@10","name":"request","type":"XSD","size":6610,"attachTime":1694464980000},{"@type":"fileRecord","id":"@18","name":"fault","type":"XSD","size":6562,"attachTime":1694464980000},{"@type":"fileRecord","id":"@9","name":"metadata","type":"JSON","size":19730,"attachTime":1694464980000},{"@type":"fileRecord","id":"@21","name":"response","type":"XSD","size":14711,"attachTime":1694464980000},{"@type":"fileRecord","id":"@2","name":"extension","type":"XML","size":35625,"attachTime":1694464980000},{"@type":"fileRecord","id":"@20","name":"request","type":"XSD","size":6618,"attachTime":1694464980000},{"@type":"fileRecord","id":"@3","name":"fault","type":"XSD","size":6586,"attachTime":1694464980000},{"@type":"fileRecord","id":"@19","name":"metadata","type":"JSON","size":6903,"attachTime":1694464980000},{"@type":"fileRecord","id":"@23","name":"fault","type":"XSD","size":6556,"attachTime":1694464980000},{"@type":"fileRecord","id":"@26","name":"response","type":"XSD","size":11573,"attachTime":1694464980000},{"@type":"fileRecord","id":"@25","name":"request","type":"XSD","size":6618,"attachTime":1694464980000},{"@type":"fileRecord","id":"@24","name":"metadata","type":"JSON","size":5104,"attachTime":1694464980000},{"@type":"fileRecord","id":"@17","name":"extension","type":"XML","size":34471,"attachTime":1694464980000},{"@type":"fileRecord","id":"@35","name":"request","type":"XSD","size":7428,"attachTime":1694464980000},{"@type":"fileRecord","id":"@34","name":"metadata","type":"JSON","size":4945,"attachTime":1694464980000},{"@type":"fileRecord","id":"@27","name":"extension","type":"XML","size":33738,"attachTime":1694464980000},{"@type":"fileRecord","id":"@28","name":"fault","type":"XSD","size":6568,"attachTime":1694464980000},{"@type":"fileRecord","id":"@31","name":"response","type":"XSD","size":13730,"attachTime":1694464980000},{"@type":"fileRecord","id":"@30","name":"request","type":"XSD","size":6841,"attachTime":1694464980000},{"@type":"fileRecord","id":"@29","name":"metadata","type":"JSON","size":6702,"attachTime":1694464980000},{"@type":"fileRecord","id":"@22","name":"extension","type":"XML","size":31320,"attachTime":1694464980000},{"@type":"fileRecord","id":"@37","name":"extension","type":"XML","size":30853,"attachTime":1694464980000},{"@type":"fileRecord","id":"@38","name":"fault","type":"XSD","size":6604,"attachTime":1694464980000},{"@type":"fileRecord","id":"@41","name":"response","type":"XSD","size":11031,"attachTime":1694464980000},{"@type":"fileRecord","id":"@40","name":"request","type":"XSD","size":6618,"attachTime":1694464980000},{"@type":"fileRecord","id":"@39","name":"metadata","type":"JSON","size":4547,"attachTime":1694464980000},{"@type":"fileRecord","id":"@32","name":"extension","type":"XML","size":31336,"attachTime":1694464980000},{"@type":"fileRecord","id":"@33","name":"fault","type":"XSD","size":6574,"attachTime":1694464980000},{"@type":"fileRecord","id":"@36","name":"response","type":"XSD","size":10696,"attachTime":1694464980000},{"@type":"fileRecord","id":"@42","name":"extension","type":"XML","size":33025,"attachTime":1694464980000},{"@type":"fileRecord","id":"@43","name":"fault","type":"XSD","size":6604,"attachTime":1694464980000},{"@type":"fileRecord","id":"@46","name":"response","type":"XSD","size":12961,"attachTime":1694464980000},{"@type":"fileRecord","id":"@45","name":"request","type":"XSD","size":6851,"attachTime":1694464980000},{"@type":"fileRecord","id":"@44","name":"metadata","type":"JSON","size":6178,"attachTime":1694464980000}]