[{"@type":"mtTask","id":"@1","name":"mt_IDMC_IPUUsage","description":"","runtimeEnvironmentId":"@7r6471UG3g8hMoBWLSWwmq","maxLogs":10,"verbose":false,"lastRunTime":1694554056000,"mappingId":"@ehzzpxp2dSYbXgYPZxN9g5","frsGuid":"c9kmUHo0544hbm08Sf9DaE","shortDescription":"","sessionPropertiesList":[{"name":"Allow Temporary Sequence for Pushdown","value":"NO","recommended":false},{"name":"Allow Temporary View for Pushdown","value":"NO","recommended":false},{"name":"Pushdown Optimization","value":"None","recommended":false},{"name":"Pushdown Optimization Context","value":"None","recommended":false},{"name":"Pushdown Optimization Fallback Option","value":"Partial PDO","recommended":false}],"enableCrossSchemaPushdown":true,"enableParallelRun":false,"autoTunedApplied":false,"autoTunedAppliedType":"NONE","parameterFileName":"reports_RestAPI.param","parameterFileDir":"C:/IICS/ParFiles","paramFileType":"PARAM_FILE_LOCAL","schemaMode":"async","valid":true,"schemaValidationErrorCount":-1,"parameterFileEncoding":"UTF-8","serverlessProperties":{},"taskProperties":[{"@type":"taskProperty","name":"parameterFileDir","currentValue":"C:/IICS/ParFiles","type":"STRING","label":"label.parameterFileDir","required":false},{"@type":"taskProperty","name":"parameterFileName","currentValue":"reports_RestAPI.param","type":"STRING","label":"label.parameterFileName","required":false}],"parameters":[{"@type":"mtTaskParameter","id":198381215,"name":"$SRC_Metering_Data$","type":"EXTENDED_SOURCE","label":"Par_Conn_FF_SRC","description":"","uiProperties":{"cnxtype":"CSVFile","connDefault":"IDMC_SrcFiles","connectionParameterized":"true","paramName":"Par_Conn_FF_SRC","paramLabel":"","paramType-mapping":"Connection","logcnx":"Par_Conn_FF_SRC","isSelectDistinct":"false","isMsrcFilterParameterized":"false","isMsrcSortParameterized":"false","default":"6i3hIiKIv0Jh8jaVMPtkIO.csv","objlabel":"FF_Metering_Data","origobjlabel":"","objectParameterized":"true","objDesc":"","objectParamName":"FF_Metering_Data","objectParamType-mapping":"DataObject","originalPath":"SRC_Metering_Data"},"sourceConnectionId":"@90wlWHyWI6UeRnqkOZJNG0","newFlatFile":false,"newObject":false,"showBusinessNames":true,"naturalOrder":true,"truncateTarget":false,"bulkApiDBTarget":false,"customFuncCfg":{"@type":"customFuncConfig","id":-1,"connections":[],"inputMap":[],"outputFields":[]},"targetRefsV2":{},"targetUpdateColumns":[],"extendedObject":{"@type":"extendedObject","object":{"@type":"mObject","name":"6i3hIiKIv0Jh8jaVMPtkIO.csv","label":"6i3hIiKIv0Jh8jaVMPtkIO.csv","metadataUpdated":false,"relations":[],"children":[]},"singleMode":true,"objects":[{"@type":"mObject","name":"6i3hIiKIv0Jh8jaVMPtkIO.csv","label":"6i3hIiKIv0Jh8jaVMPtkIO.csv","metadataUpdated":false,"relations":[],"children":[]}],"filters":[],"sortFields":[]},"runtimeAttrs":{},"isRESTModernSource":true,"isFileList":false,"handleSpecialChars":false,"handleDecimalRoundOff":false,"frsAsset":false,"dynamicFileName":false,"excludeDynamicFileNameField":false,"currentlyProcessedFileName":false,"retainFieldMetadata":false,"useExactSrcNames":false,"tgtObjectAttributes":{},"runtimeParameterData":{"@type":"mtTaskRuntimeParameterData","isConnectionRuntimeParameter":true,"isObjectRuntimeParameter":true,"connectionParameterName":"Par_Conn_FF_SRC","objectParameterName":"FF_Metering_Data","objectDefaultValue":"6i3hIiKIv0Jh8jaVMPtkIO.csv"},"overridableProperties":[{"@type":"overridableProperty","id":"defaultPrecision","labelKey":"SRC_Metering_Data_defaultPrecision","type":"integer","hidden":false,"required":false,"defaultValue":"","renderingHints":{}},{"@type":"overridableProperty","id":"defaultScale","labelKey":"SRC_Metering_Data_defaultScale","type":"integer","hidden":false,"required":false,"defaultValue":"","renderingHints":{}},{"@type":"overridableProperty","id":"defaultNativeDataType","labelKey":"SRC_Metering_Data_defaultNativeDataType","type":"string","hidden":false,"required":false,"defaultValue":"","renderingHints":{}}],"overriddenFields":[]},{"@type":"mtTaskParameter","id":198381216,"name":"$TGT_IPUUsage$","type":"TARGET","label":"TGT_IPUUsage","uiProperties":{"connectionParameterized":"false","objectParameterized":"false","visible":"false","defaultTargetUpdateColumns":"","supportApplyDDLChanges":"false","originalPath":"TGT_IPUUsage"},"targetConnectionId":"@0kmm4ZfPTVXbfO81Zsyd0k","targetObject":"IDMC_IPU_USAGE","targetObjectLabel":"IDMC_IPU_USAGE","newFlatFile":false,"newObject":false,"showBusinessNames":false,"naturalOrder":true,"truncateTarget":true,"bulkApiDBTarget":false,"operationType":"Insert","customFuncCfg":{"@type":"customFuncConfig","id":-1,"connections":[],"inputMap":[],"outputFields":[]},"targetRefsV2":{},"targetUpdateColumns":[],"extendedObject":{"@type":"extendedObject","singleMode":true,"filters":[],"sortFields":[]},"runtimeAttrs":{},"isRESTModernSource":true,"isFileList":false,"handleSpecialChars":false,"handleDecimalRoundOff":false,"frsAsset":false,"dynamicFileName":false,"excludeDynamicFileNameField":false,"currentlyProcessedFileName":false,"retainFieldMetadata":false,"objectName":"IDMC_IPU_USAGE","objectLabel":"IDMC_IPU_USAGE","useExactSrcNames":false,"tgtObjectAttributes":{},"runtimeParameterData":{"@type":"mtTaskRuntimeParameterData","isConnectionRuntimeParameter":false,"isObjectRuntimeParameter":false},"overridableProperties":[],"overriddenFields":[]}],"sequences":[],"inOutParameters":[{"@type":"mtTaskInOutParameter","id":"-1","name":"Environment","description":"","initialValue":"","datatype":"STRING","precision":"255","scale":"0","retentionPolicy":"NEVER","aggregationType":"MAX","currentValue":""}],"connRuntimeAttrs":[]}]