[{"@type":"mappingTemplate","id":"@1","name":"m_IDMC_License","description":"","bundleVersion":"0","templateId":"@3","deployTime":1694812150000,"hasParameters":true,"valid":true,"fixedConnection":true,"hasParametersDeployed":true,"fixedConnectionDeployed":true,"isSchemaValidationEnabled":false,"tasks":1,"mappingPreviewFileRecordId":"@2","documentType":"MAPPING","references":[{"@type":"reference","refObjectId":"@7UlBygQZ8oJekKMhYOmE89","refType":"businessService"},{"@type":"reference","refObjectId":"@7UlBygQZ8oJekKMhYOmE89@license","refType":"businessOperation"}]}]