[{"@type":"mappingTemplate","id":"@1","name":"m_IDMC_ActivityLog","description":"","bundleVersion":"0","templateId":"@3","deployTime":1694703157000,"hasParameters":true,"valid":true,"fixedConnection":true,"hasParametersDeployed":true,"fixedConnectionDeployed":true,"isSchemaValidationEnabled":false,"tasks":1,"mappingPreviewFileRecordId":"@2","documentType":"MAPPING","references":[{"@type":"reference","refObjectId":"@7UlBygQZ8oJekKMhYOmE89@activityLog","refType":"businessOperation"},{"@type":"reference","refObjectId":"@7UlBygQZ8oJekKMhYOmE89","refType":"businessService"}]}]