[{"@type":"mappingTemplate","id":"@1","name":"m_IDMC_CommitHistory","description":"","bundleVersion":"0","templateId":"@3","deployTime":1694468765000,"hasParameters":false,"valid":true,"fixedConnection":true,"hasParametersDeployed":false,"fixedConnectionDeployed":true,"isSchemaValidationEnabled":false,"tasks":1,"mappingPreviewFileRecordId":"@2","documentType":"MAPPING","references":[{"@type":"reference","refObjectId":"@0kmm4ZfPTVXbfO81Zsyd0k","refType":"connection"},{"@type":"reference","refObjectId":"@7UlBygQZ8oJekKMhYOmE89@commitHistory","refType":"businessOperation"},{"@type":"reference","refObjectId":"@7UlBygQZ8oJekKMhYOmE89","refType":"businessService"},{"@type":"reference","refObjectId":"@7UlBygQZ8oJekKMhYOmE89@commitDetails","refType":"businessOperation"}]}]