[{"@type":"mtTask","id":"@1","name":"mt_IDMC_CleanUp_Tables","description":"","runtimeEnvironmentId":"@7r6471UG3g8hMoBWLSWwmq","maxLogs":10,"verbose":false,"lastRunTime":1695180927000,"mappingId":"@4GnAMQy3ngUh5PFTnNTJWq","frsGuid":"3evP9UqRhQIhK54szmR1qn","shortDescription":"","sessionPropertiesList":[{"name":"Allow Temporary Sequence for Pushdown","value":"NO","recommended":false},{"name":"Allow Temporary View for Pushdown","value":"NO","recommended":false},{"name":"Pushdown Optimization","value":"None","recommended":false},{"name":"Pushdown Optimization Context","value":"None","recommended":false},{"name":"Pushdown Optimization Fallback Option","value":"Partial PDO","recommended":false},{"name":"Treat source rows as","value":"Delete","recommended":false}],"enableCrossSchemaPushdown":true,"enableParallelRun":true,"autoTunedApplied":false,"autoTunedAppliedType":"NONE","parameterFileName":"reports_RestAPI.param","parameterFileDir":"C:/IICS/ParFiles","paramFileType":"PARAM_FILE_LOCAL","schemaMode":"async","valid":true,"schemaValidationErrorCount":-1,"parameterFileEncoding":"UTF-8","serverlessProperties":{},"taskProperties":[{"@type":"taskProperty","name":"parameterFileDir","currentValue":"C:/IICS/ParFiles","type":"STRING","label":"label.parameterFileDir","required":false},{"@type":"taskProperty","name":"parameterFileName","currentValue":"reports_RestAPI.param","type":"STRING","label":"label.parameterFileName","required":false}],"parameters":[{"@type":"mtTaskParameter","id":199058280,"name":"$SRC_InfaSessionID$","type":"EXTENDED_SOURCE","label":"Par_Conn_DB_IDMC","description":"","uiProperties":{"cnxtype":"Oracle","connectionParameterized":"true","paramName":"Par_Conn_DB_IDMC","paramLabel":"","paramType-mapping":"Connection","logcnx":"Par_Conn_DB_IDMC","isSelectDistinct":"false","isMsrcFilterParameterized":"false","isMsrcSortParameterized":"false","objlabel":"Par_SRC_IDMC_LOGIN","origobjlabel":"","objectParameterized":"true","objDesc":"","objectParamName":"Par_SRC_IDMC_LOGIN","objectParamType-mapping":"DataObject","originalPath":"SRC_InfaSessionID"},"sourceConnectionId":"@0kmm4ZfPTVXbfO81Zsyd0k","newFlatFile":false,"newObject":false,"showBusinessNames":true,"naturalOrder":true,"truncateTarget":false,"bulkApiDBTarget":false,"customFuncCfg":{"@type":"customFuncConfig","id":-1,"connections":[],"inputMap":[],"outputFields":[]},"targetRefsV2":{},"targetUpdateColumns":[],"extendedObject":{"@type":"extendedObject","object":{"@type":"mObject","name":"IDMC_LOGIN","label":"IDMC_LOGIN","metadataUpdated":false,"relations":[],"children":[]},"advancedFilterExpression":"ENVIRONMENT='$$Environment'","singleMode":true,"objects":[{"@type":"mObject","name":"IDMC_LOGIN","label":"IDMC_LOGIN","metadataUpdated":false,"relations":[],"children":[]}],"filters":[],"sortFields":[]},"runtimeAttrs":{},"isRESTModernSource":true,"isFileList":false,"handleSpecialChars":false,"handleDecimalRoundOff":false,"frsAsset":false,"dynamicFileName":false,"excludeDynamicFileNameField":false,"currentlyProcessedFileName":false,"retainFieldMetadata":false,"useExactSrcNames":false,"tgtObjectAttributes":{},"runtimeParameterData":{"@type":"mtTaskRuntimeParameterData","isConnectionRuntimeParameter":true,"isObjectRuntimeParameter":true,"connectionParameterName":"Par_Conn_DB_IDMC","objectParameterName":"Par_SRC_IDMC_LOGIN","objectDefaultValue":"IDMC_LOGIN"},"overridableProperties":[],"overriddenFields":[]},{"@type":"mtTaskParameter","id":199058281,"name":"$TGT_ActivityLog$","type":"TARGET","label":"Par_Conn_DB_IDMC","description":"","uiProperties":{"cnxtype":"Oracle","connectionParameterized":"true","paramName":"Par_Conn_DB_IDMC","paramLabel":"","paramType-mapping":"Connection","logcnx":"Par_Conn_DB_IDMC","objlabel":"Par_TGT_IDMC_ACTIVITYLOG","origobjlabel":"","objectParameterized":"true","objDesc":"","objectParamName":"Par_TGT_IDMC_ACTIVITYLOG","objectParamType-mapping":"DataObject","defaultTargetUpdateColumns":"ACTIVITYLOGID,ENVIRONMENT","supportApplyDDLChanges":"true","originalPath":"TGT_ActivityLog"},"targetConnectionId":"@0kmm4ZfPTVXbfO81Zsyd0k","targetObject":"IDMC_ACTIVITYLOG","targetObjectLabel":"IDMC_ACTIVITYLOG","newFlatFile":false,"newObject":false,"showBusinessNames":true,"naturalOrder":true,"truncateTarget":false,"bulkApiDBTarget":false,"operationType":"Delete","customFuncCfg":{"@type":"customFuncConfig","id":-1,"connections":[],"inputMap":[],"outputFields":[]},"targetRefsV2":{},"targetUpdateColumns":["ACTIVITYLOGID","ENVIRONMENT"],"extendedObject":{"@type":"extendedObject","singleMode":true,"filters":[],"sortFields":[]},"runtimeAttrs":{},"isRESTModernSource":true,"isFileList":false,"handleSpecialChars":false,"handleDecimalRoundOff":false,"frsAsset":false,"dynamicFileName":false,"excludeDynamicFileNameField":false,"currentlyProcessedFileName":false,"retainFieldMetadata":false,"objectName":"IDMC_ACTIVITYLOG","objectLabel":"IDMC_ACTIVITYLOG","useExactSrcNames":false,"tgtObjectAttributes":{},"targetSchemaMode":"DONT_APPLY_CHANGES","runtimeParameterData":{"@type":"mtTaskRuntimeParameterData","isConnectionRuntimeParameter":true,"isObjectRuntimeParameter":false,"connectionParameterName":"Par_Conn_DB_IDMC","objectParameterName":"Par_TGT_IDMC_ACTIVITYLOG"},"overridableProperties":[],"overriddenFields":[]},{"@type":"mtTaskParameter","id":199058282,"name":"$TGT_ActivityLog_Entries$","type":"TARGET","label":"Par_Conn_DB_IDMC","description":"","uiProperties":{"cnxtype":"Oracle","connectionParameterized":"true","paramName":"Par_Conn_DB_IDMC","paramLabel":"","paramType-mapping":"Connection","logcnx":"Par_Conn_DB_IDMC","objlabel":"Par_TGT_IDMC_ACTIVITYLOG_ENTRIES","origobjlabel":"","objectParameterized":"true","objDesc":"","objectParamName":"Par_TGT_IDMC_ACTIVITYLOG_ENTRIES","objectParamType-mapping":"DataObject","defaultTargetUpdateColumns":"ACTIVITYLOGID,ENVIRONMENT","supportApplyDDLChanges":"true","originalPath":"TGT_ActivityLog_Entries"},"targetConnectionId":"@0kmm4ZfPTVXbfO81Zsyd0k","targetObject":"IDMC_ACTIVITYLOG_ENTRIES","targetObjectLabel":"IDMC_ACTIVITYLOG_ENTRIES","newFlatFile":false,"newObject":false,"showBusinessNames":true,"naturalOrder":true,"truncateTarget":false,"bulkApiDBTarget":false,"operationType":"Delete","customFuncCfg":{"@type":"customFuncConfig","id":-1,"connections":[],"inputMap":[],"outputFields":[]},"targetRefsV2":{},"targetUpdateColumns":["ACTIVITYLOGID","ENVIRONMENT"],"extendedObject":{"@type":"extendedObject","singleMode":true,"filters":[],"sortFields":[]},"runtimeAttrs":{},"isRESTModernSource":true,"isFileList":false,"handleSpecialChars":false,"handleDecimalRoundOff":false,"frsAsset":false,"dynamicFileName":false,"excludeDynamicFileNameField":false,"currentlyProcessedFileName":false,"retainFieldMetadata":false,"objectName":"IDMC_ACTIVITYLOG_ENTRIES","objectLabel":"IDMC_ACTIVITYLOG_ENTRIES","useExactSrcNames":false,"tgtObjectAttributes":{},"targetSchemaMode":"DONT_APPLY_CHANGES","runtimeParameterData":{"@type":"mtTaskRuntimeParameterData","isConnectionRuntimeParameter":true,"isObjectRuntimeParameter":true,"connectionParameterName":"Par_Conn_DB_IDMC","objectParameterName":"Par_TGT_IDMC_ACTIVITYLOG_ENTRIES","objectDefaultValue":"IDMC_ACTIVITYLOG_ENTRIES"},"overridableProperties":[],"overriddenFields":[]},{"@type":"mtTaskParameter","id":199058283,"name":"$TGT_ActivityLog_TransformationEntries$","type":"TARGET","label":"Par_Conn_DB_IDMC","description":"","uiProperties":{"cnxtype":"Oracle","connectionParameterized":"true","paramName":"Par_Conn_DB_IDMC","paramLabel":"","paramType-mapping":"Connection","logcnx":"Par_Conn_DB_IDMC","objlabel":"Par_TGT_IDMC_ACTIVITYLOG_TRANSFENTRIES","origobjlabel":"","objectParameterized":"true","objDesc":"","objectParamName":"Par_TGT_IDMC_ACTIVITYLOG_TRANSFENTRIES","objectParamType-mapping":"DataObject","defaultTargetUpdateColumns":"ENTRIESID,ENVIRONMENT","supportApplyDDLChanges":"true","originalPath":"TGT_ActivityLog_TransformationEntries"},"targetConnectionId":"@0kmm4ZfPTVXbfO81Zsyd0k","targetObject":"IDMC_ACTIVITYLOG_TRANSFENTRIES","targetObjectLabel":"IDMC_ACTIVITYLOG_TRANSFENTRIES","newFlatFile":false,"newObject":false,"showBusinessNames":true,"naturalOrder":true,"truncateTarget":false,"bulkApiDBTarget":false,"operationType":"Delete","customFuncCfg":{"@type":"customFuncConfig","id":-1,"connections":[],"inputMap":[],"outputFields":[]},"targetRefsV2":{},"targetUpdateColumns":["ENTRIESID","ENVIRONMENT"],"extendedObject":{"@type":"extendedObject","singleMode":true,"filters":[],"sortFields":[]},"runtimeAttrs":{},"isRESTModernSource":true,"isFileList":false,"handleSpecialChars":false,"handleDecimalRoundOff":false,"frsAsset":false,"dynamicFileName":false,"excludeDynamicFileNameField":false,"currentlyProcessedFileName":false,"retainFieldMetadata":false,"objectName":"IDMC_ACTIVITYLOG_TRANSFENTRIES","objectLabel":"IDMC_ACTIVITYLOG_TRANSFENTRIES","useExactSrcNames":false,"tgtObjectAttributes":{},"targetSchemaMode":"DONT_APPLY_CHANGES","runtimeParameterData":{"@type":"mtTaskRuntimeParameterData","isConnectionRuntimeParameter":true,"isObjectRuntimeParameter":true,"connectionParameterName":"Par_Conn_DB_IDMC","objectParameterName":"Par_TGT_IDMC_ACTIVITYLOG_TRANSFENTRIES","objectDefaultValue":"IDMC_ACTIVITYLOG_TRANSFENTRIES"},"overridableProperties":[],"overriddenFields":[]},{"@type":"mtTaskParameter","id":199058284,"name":"$TGT_CommitChanges$","type":"TARGET","label":"Par_Conn_DB_IDMC","description":"","uiProperties":{"cnxtype":"Oracle","connectionParameterized":"true","paramName":"Par_Conn_DB_IDMC","paramLabel":"","paramType-mapping":"Connection","logcnx":"Par_Conn_DB_IDMC","objlabel":"Par_TGT_IDMC_COMMIT_CHANGES","origobjlabel":"","objectParameterized":"true","objDesc":"","objectParamName":"Par_TGT_IDMC_COMMIT_CHANGES","objectParamType-mapping":"DataObject","defaultTargetUpdateColumns":"ENVIRONMENT","supportApplyDDLChanges":"true","originalPath":"TGT_CommitChanges"},"targetConnectionId":"@0kmm4ZfPTVXbfO81Zsyd0k","targetObject":"IDMC_COMMIT_CHANGES","targetObjectLabel":"IDMC_COMMIT_CHANGES","newFlatFile":false,"newObject":false,"showBusinessNames":true,"naturalOrder":true,"truncateTarget":false,"bulkApiDBTarget":false,"operationType":"Delete","customFuncCfg":{"@type":"customFuncConfig","id":-1,"connections":[],"inputMap":[],"outputFields":[]},"targetRefsV2":{},"targetUpdateColumns":["ENVIRONMENT"],"extendedObject":{"@type":"extendedObject","singleMode":true,"filters":[],"sortFields":[]},"runtimeAttrs":{},"isRESTModernSource":true,"isFileList":false,"handleSpecialChars":false,"handleDecimalRoundOff":false,"frsAsset":false,"dynamicFileName":false,"excludeDynamicFileNameField":false,"currentlyProcessedFileName":false,"retainFieldMetadata":false,"objectName":"IDMC_COMMIT_CHANGES","objectLabel":"IDMC_COMMIT_CHANGES","useExactSrcNames":false,"tgtObjectAttributes":{},"targetSchemaMode":"DONT_APPLY_CHANGES","runtimeParameterData":{"@type":"mtTaskRuntimeParameterData","isConnectionRuntimeParameter":true,"isObjectRuntimeParameter":true,"connectionParameterName":"Par_Conn_DB_IDMC","objectParameterName":"Par_TGT_IDMC_COMMIT_CHANGES","objectDefaultValue":"IDMC_COMMIT_CHANGES"},"overridableProperties":[],"overriddenFields":[]},{"@type":"mtTaskParameter","id":199058285,"name":"$TGT_CommitHistory$","type":"TARGET","label":"Par_Conn_DB_IDMC","description":"","uiProperties":{"cnxtype":"Oracle","connectionParameterized":"true","paramName":"Par_Conn_DB_IDMC","paramLabel":"","paramType-mapping":"Connection","logcnx":"Par_Conn_DB_IDMC","objlabel":"Par_TGT_IDMC_COMMIT_HISTORY","origobjlabel":"","objectParameterized":"true","objDesc":"","objectParamName":"Par_TGT_IDMC_COMMIT_HISTORY","objectParamType-mapping":"DataObject","defaultTargetUpdateColumns":"ENVIRONMENT","supportApplyDDLChanges":"true","originalPath":"TGT_CommitHistory"},"targetConnectionId":"@0kmm4ZfPTVXbfO81Zsyd0k","targetObject":"IDMC_COMMIT_HISTORY","targetObjectLabel":"IDMC_COMMIT_HISTORY","newFlatFile":false,"newObject":false,"showBusinessNames":true,"naturalOrder":true,"truncateTarget":false,"bulkApiDBTarget":false,"operationType":"Delete","customFuncCfg":{"@type":"customFuncConfig","id":-1,"connections":[],"inputMap":[],"outputFields":[]},"targetRefsV2":{},"targetUpdateColumns":["ENVIRONMENT"],"extendedObject":{"@type":"extendedObject","singleMode":true,"filters":[],"sortFields":[]},"runtimeAttrs":{},"isRESTModernSource":true,"isFileList":false,"handleSpecialChars":false,"handleDecimalRoundOff":false,"frsAsset":false,"dynamicFileName":false,"excludeDynamicFileNameField":false,"currentlyProcessedFileName":false,"retainFieldMetadata":false,"objectName":"IDMC_COMMIT_HISTORY","objectLabel":"IDMC_COMMIT_HISTORY","useExactSrcNames":false,"tgtObjectAttributes":{},"targetSchemaMode":"DONT_APPLY_CHANGES","runtimeParameterData":{"@type":"mtTaskRuntimeParameterData","isConnectionRuntimeParameter":true,"isObjectRuntimeParameter":true,"connectionParameterName":"Par_Conn_DB_IDMC","objectParameterName":"Par_TGT_IDMC_COMMIT_HISTORY","objectDefaultValue":"IDMC_COMMIT_HISTORY"},"overridableProperties":[],"overriddenFields":[]},{"@type":"mtTaskParameter","id":199058286,"name":"$TGT_CommitPath$","type":"TARGET","label":"Par_Conn_DB_IDMC","description":"","uiProperties":{"cnxtype":"Oracle","connectionParameterized":"true","paramName":"Par_Conn_DB_IDMC","paramLabel":"","paramType-mapping":"Connection","logcnx":"Par_Conn_DB_IDMC","objlabel":"Par_TGT_IDMC_COMMIT_PATH","origobjlabel":"","objectParameterized":"true","objDesc":"","objectParamName":"Par_TGT_IDMC_COMMIT_PATH","objectParamType-mapping":"DataObject","defaultTargetUpdateColumns":"ENVIRONMENT","supportApplyDDLChanges":"true","originalPath":"TGT_CommitPath"},"targetConnectionId":"@0kmm4ZfPTVXbfO81Zsyd0k","targetObject":"IDMC_COMMIT_PATH","targetObjectLabel":"IDMC_COMMIT_PATH","newFlatFile":false,"newObject":false,"showBusinessNames":true,"naturalOrder":true,"truncateTarget":false,"bulkApiDBTarget":false,"operationType":"Delete","customFuncCfg":{"@type":"customFuncConfig","id":-1,"connections":[],"inputMap":[],"outputFields":[]},"targetRefsV2":{},"targetUpdateColumns":["ENVIRONMENT"],"extendedObject":{"@type":"extendedObject","singleMode":true,"filters":[],"sortFields":[]},"runtimeAttrs":{},"isRESTModernSource":true,"isFileList":false,"handleSpecialChars":false,"handleDecimalRoundOff":false,"frsAsset":false,"dynamicFileName":false,"excludeDynamicFileNameField":false,"currentlyProcessedFileName":false,"retainFieldMetadata":false,"objectName":"IDMC_COMMIT_PATH","objectLabel":"IDMC_COMMIT_PATH","useExactSrcNames":false,"tgtObjectAttributes":{},"targetSchemaMode":"DONT_APPLY_CHANGES","runtimeParameterData":{"@type":"mtTaskRuntimeParameterData","isConnectionRuntimeParameter":true,"isObjectRuntimeParameter":true,"connectionParameterName":"Par_Conn_DB_IDMC","objectParameterName":"Par_TGT_IDMC_COMMIT_PATH","objectDefaultValue":"IDMC_COMMIT_PATH"},"overridableProperties":[],"overriddenFields":[]},{"@type":"mtTaskParameter","id":199058287,"name":"$TGT_Connection$","type":"TARGET","label":"Par_Conn_DB_IDMC","description":"","uiProperties":{"cnxtype":"Oracle","connectionParameterized":"true","paramName":"Par_Conn_DB_IDMC","paramLabel":"","paramType-mapping":"Connection","logcnx":"Par_Conn_DB_IDMC","objlabel":"Par_TGT_IDMC_CONNECTION","origobjlabel":"","objectParameterized":"true","objDesc":"","objectParamName":"Par_TGT_IDMC_CONNECTION","objectParamType-mapping":"DataObject","defaultTargetUpdateColumns":"ENVIRONMENT","supportApplyDDLChanges":"true","originalPath":"TGT_Connection"},"targetConnectionId":"@0kmm4ZfPTVXbfO81Zsyd0k","targetObject":"IDMC_CONNECTION","targetObjectLabel":"IDMC_CONNECTION","newFlatFile":false,"newObject":false,"showBusinessNames":true,"naturalOrder":true,"truncateTarget":false,"bulkApiDBTarget":false,"operationType":"Delete","customFuncCfg":{"@type":"customFuncConfig","id":-1,"connections":[],"inputMap":[],"outputFields":[]},"targetRefsV2":{},"targetUpdateColumns":["ENVIRONMENT"],"extendedObject":{"@type":"extendedObject","singleMode":true,"filters":[],"sortFields":[]},"runtimeAttrs":{},"isRESTModernSource":true,"isFileList":false,"handleSpecialChars":false,"handleDecimalRoundOff":false,"frsAsset":false,"dynamicFileName":false,"excludeDynamicFileNameField":false,"currentlyProcessedFileName":false,"retainFieldMetadata":false,"objectName":"IDMC_CONNECTION","objectLabel":"IDMC_CONNECTION","useExactSrcNames":false,"tgtObjectAttributes":{},"targetSchemaMode":"DONT_APPLY_CHANGES","runtimeParameterData":{"@type":"mtTaskRuntimeParameterData","isConnectionRuntimeParameter":true,"isObjectRuntimeParameter":true,"connectionParameterName":"Par_Conn_DB_IDMC","objectParameterName":"Par_TGT_IDMC_CONNECTION","objectDefaultValue":"IDMC_CONNECTION"},"overridableProperties":[],"overriddenFields":[]},{"@type":"mtTaskParameter","id":199058288,"name":"$TGT_ExportMeteringData$","type":"TARGET","label":"Par_Conn_DB_IDMC","description":"","uiProperties":{"cnxtype":"Oracle","connectionParameterized":"true","paramName":"Par_Conn_DB_IDMC","paramLabel":"","paramType-mapping":"Connection","logcnx":"Par_Conn_DB_IDMC","objlabel":"Par_TGT_IDMC_EXPORT_METERING_DATA","origobjlabel":"","objectParameterized":"true","objDesc":"","objectParamName":"Par_TGT_IDMC_EXPORT_METERING_DATA","objectParamType-mapping":"DataObject","defaultTargetUpdateColumns":"ENVIRONMENT","supportApplyDDLChanges":"true","originalPath":"TGT_ExportMeteringData"},"targetConnectionId":"@0kmm4ZfPTVXbfO81Zsyd0k","targetObject":"IDMC_EXPORT_METERING_DATA","targetObjectLabel":"IDMC_EXPORT_METERING_DATA","newFlatFile":false,"newObject":false,"showBusinessNames":true,"naturalOrder":true,"truncateTarget":false,"bulkApiDBTarget":false,"operationType":"Delete","customFuncCfg":{"@type":"customFuncConfig","id":-1,"connections":[],"inputMap":[],"outputFields":[]},"targetRefsV2":{},"targetUpdateColumns":["ENVIRONMENT"],"extendedObject":{"@type":"extendedObject","singleMode":true,"filters":[],"sortFields":[]},"runtimeAttrs":{},"isRESTModernSource":true,"isFileList":false,"handleSpecialChars":false,"handleDecimalRoundOff":false,"frsAsset":false,"dynamicFileName":false,"excludeDynamicFileNameField":false,"currentlyProcessedFileName":false,"retainFieldMetadata":false,"objectName":"IDMC_EXPORT_METERING_DATA","objectLabel":"IDMC_EXPORT_METERING_DATA","useExactSrcNames":false,"tgtObjectAttributes":{},"targetSchemaMode":"DONT_APPLY_CHANGES","runtimeParameterData":{"@type":"mtTaskRuntimeParameterData","isConnectionRuntimeParameter":true,"isObjectRuntimeParameter":true,"connectionParameterName":"Par_Conn_DB_IDMC","objectParameterName":"Par_TGT_IDMC_EXPORT_METERING_DATA","objectDefaultValue":"IDMC_EXPORT_METERING_DATA"},"overridableProperties":[],"overriddenFields":[]},{"@type":"mtTaskParameter","id":199058289,"name":"$TGT_Groups$","type":"TARGET","label":"Par_Conn_DB_IDMC","description":"","uiProperties":{"cnxtype":"Oracle","connectionParameterized":"true","paramName":"Par_Conn_DB_IDMC","paramLabel":"","paramType-mapping":"Connection","logcnx":"Par_Conn_DB_IDMC","objlabel":"Par_TGT_IDMC_GROUPS","origobjlabel":"","objectParameterized":"true","objDesc":"","objectParamName":"Par_TGT_IDMC_GROUPS","objectParamType-mapping":"DataObject","defaultTargetUpdateColumns":"ENVIRONMENT","supportApplyDDLChanges":"true","originalPath":"TGT_Groups"},"targetConnectionId":"@0kmm4ZfPTVXbfO81Zsyd0k","targetObject":"IDMC_GROUPS","targetObjectLabel":"IDMC_GROUPS","newFlatFile":false,"newObject":false,"showBusinessNames":true,"naturalOrder":true,"truncateTarget":false,"bulkApiDBTarget":false,"operationType":"Delete","customFuncCfg":{"@type":"customFuncConfig","id":-1,"connections":[],"inputMap":[],"outputFields":[]},"targetRefsV2":{},"targetUpdateColumns":["ENVIRONMENT"],"extendedObject":{"@type":"extendedObject","singleMode":true,"filters":[],"sortFields":[]},"runtimeAttrs":{},"isRESTModernSource":true,"isFileList":false,"handleSpecialChars":false,"handleDecimalRoundOff":false,"frsAsset":false,"dynamicFileName":false,"excludeDynamicFileNameField":false,"currentlyProcessedFileName":false,"retainFieldMetadata":false,"objectName":"IDMC_GROUPS","objectLabel":"IDMC_GROUPS","useExactSrcNames":false,"tgtObjectAttributes":{},"targetSchemaMode":"DONT_APPLY_CHANGES","runtimeParameterData":{"@type":"mtTaskRuntimeParameterData","isConnectionRuntimeParameter":true,"isObjectRuntimeParameter":true,"connectionParameterName":"Par_Conn_DB_IDMC","objectParameterName":"Par_TGT_IDMC_GROUPS","objectDefaultValue":"IDMC_GROUPS"},"overridableProperties":[],"overriddenFields":[]},{"@type":"mtTaskParameter","id":199058290,"name":"$TGT_GroupsRoles$","type":"TARGET","label":"Par_Conn_DB_IDMC","description":"","uiProperties":{"cnxtype":"Oracle","connectionParameterized":"true","paramName":"Par_Conn_DB_IDMC","paramLabel":"","paramType-mapping":"Connection","logcnx":"Par_Conn_DB_IDMC","objlabel":"Par_TGT_IDMC_GROUPS_ROLES","origobjlabel":"","objectParameterized":"true","objDesc":"","objectParamName":"Par_TGT_IDMC_GROUPS_ROLES","objectParamType-mapping":"DataObject","defaultTargetUpdateColumns":"ENVIRONMENT","supportApplyDDLChanges":"true","originalPath":"TGT_GroupsRoles"},"targetConnectionId":"@0kmm4ZfPTVXbfO81Zsyd0k","targetObject":"IDMC_GROUPS_ROLES","targetObjectLabel":"IDMC_GROUPS_ROLES","newFlatFile":false,"newObject":false,"showBusinessNames":true,"naturalOrder":true,"truncateTarget":false,"bulkApiDBTarget":false,"operationType":"Delete","customFuncCfg":{"@type":"customFuncConfig","id":-1,"connections":[],"inputMap":[],"outputFields":[]},"targetRefsV2":{},"targetUpdateColumns":["ENVIRONMENT"],"extendedObject":{"@type":"extendedObject","singleMode":true,"filters":[],"sortFields":[]},"runtimeAttrs":{},"isRESTModernSource":true,"isFileList":false,"handleSpecialChars":false,"handleDecimalRoundOff":false,"frsAsset":false,"dynamicFileName":false,"excludeDynamicFileNameField":false,"currentlyProcessedFileName":false,"retainFieldMetadata":false,"objectName":"IDMC_GROUPS_ROLES","objectLabel":"IDMC_GROUPS_ROLES","useExactSrcNames":false,"tgtObjectAttributes":{},"targetSchemaMode":"DONT_APPLY_CHANGES","runtimeParameterData":{"@type":"mtTaskRuntimeParameterData","isConnectionRuntimeParameter":true,"isObjectRuntimeParameter":true,"connectionParameterName":"Par_Conn_DB_IDMC","objectParameterName":"Par_TGT_IDMC_GROUPS_ROLES","objectDefaultValue":"IDMC_GROUPS_ROLES"},"overridableProperties":[],"overriddenFields":[]},{"@type":"mtTaskParameter","id":199058291,"name":"$TGT_GroupsUsers$","type":"TARGET","label":"Par_Conn_DB_IDMC","description":"","uiProperties":{"cnxtype":"Oracle","connectionParameterized":"true","paramName":"Par_Conn_DB_IDMC","paramLabel":"","paramType-mapping":"Connection","logcnx":"Par_Conn_DB_IDMC","objlabel":"Par_TGT_IDMC_GROUPS_USERS","origobjlabel":"","objectParameterized":"true","objDesc":"","objectParamName":"Par_TGT_IDMC_GROUPS_USERS","objectParamType-mapping":"DataObject","defaultTargetUpdateColumns":"ENVIRONMENT","supportApplyDDLChanges":"true","originalPath":"TGT_GroupsUsers"},"targetConnectionId":"@0kmm4ZfPTVXbfO81Zsyd0k","targetObject":"IDMC_GROUPS_USERS","targetObjectLabel":"IDMC_GROUPS_USERS","newFlatFile":false,"newObject":false,"showBusinessNames":true,"naturalOrder":true,"truncateTarget":false,"bulkApiDBTarget":false,"operationType":"Delete","customFuncCfg":{"@type":"customFuncConfig","id":-1,"connections":[],"inputMap":[],"outputFields":[]},"targetRefsV2":{},"targetUpdateColumns":["ENVIRONMENT"],"extendedObject":{"@type":"extendedObject","singleMode":true,"filters":[],"sortFields":[]},"runtimeAttrs":{},"isRESTModernSource":true,"isFileList":false,"handleSpecialChars":false,"handleDecimalRoundOff":false,"frsAsset":false,"dynamicFileName":false,"excludeDynamicFileNameField":false,"currentlyProcessedFileName":false,"retainFieldMetadata":false,"objectName":"IDMC_GROUPS_USERS","objectLabel":"IDMC_GROUPS_USERS","useExactSrcNames":false,"tgtObjectAttributes":{},"targetSchemaMode":"DONT_APPLY_CHANGES","runtimeParameterData":{"@type":"mtTaskRuntimeParameterData","isConnectionRuntimeParameter":true,"isObjectRuntimeParameter":true,"connectionParameterName":"Par_Conn_DB_IDMC","objectParameterName":"Par_TGT_IDMC_GROUPS_USERS","objectDefaultValue":"IDMC_GROUPS_USERS"},"overridableProperties":[],"overriddenFields":[]},{"@type":"mtTaskParameter","id":199058292,"name":"$TGT_IPUUsage$","type":"TARGET","label":"Par_Conn_DB_IDMC","description":"","uiProperties":{"cnxtype":"Oracle","connectionParameterized":"true","paramName":"Par_Conn_DB_IDMC","paramLabel":"","paramType-mapping":"Connection","logcnx":"Par_Conn_DB_IDMC","objlabel":"Par_TGT_IDMC_IPU_USAGE","origobjlabel":"","objectParameterized":"true","objDesc":"","objectParamName":"Par_TGT_IDMC_IPU_USAGE","objectParamType-mapping":"DataObject","defaultTargetUpdateColumns":"METERID,ORGID,ENVIRONMENT","supportApplyDDLChanges":"true","originalPath":"TGT_IPUUsage"},"targetConnectionId":"@0kmm4ZfPTVXbfO81Zsyd0k","targetObject":"IDMC_IPU_USAGE","targetObjectLabel":"IDMC_IPU_USAGE","newFlatFile":false,"newObject":false,"showBusinessNames":true,"naturalOrder":true,"truncateTarget":false,"bulkApiDBTarget":false,"operationType":"Delete","customFuncCfg":{"@type":"customFuncConfig","id":-1,"connections":[],"inputMap":[],"outputFields":[]},"targetRefsV2":{},"targetUpdateColumns":["METERID","ORGID","ENVIRONMENT"],"extendedObject":{"@type":"extendedObject","singleMode":true,"filters":[],"sortFields":[]},"runtimeAttrs":{},"isRESTModernSource":true,"isFileList":false,"handleSpecialChars":false,"handleDecimalRoundOff":false,"frsAsset":false,"dynamicFileName":false,"excludeDynamicFileNameField":false,"currentlyProcessedFileName":false,"retainFieldMetadata":false,"objectName":"IDMC_IPU_USAGE","objectLabel":"IDMC_IPU_USAGE","useExactSrcNames":false,"tgtObjectAttributes":{},"targetSchemaMode":"DONT_APPLY_CHANGES","runtimeParameterData":{"@type":"mtTaskRuntimeParameterData","isConnectionRuntimeParameter":true,"isObjectRuntimeParameter":true,"connectionParameterName":"Par_Conn_DB_IDMC","objectParameterName":"Par_TGT_IDMC_IPU_USAGE","objectDefaultValue":"IDMC_IPU_USAGE"},"overridableProperties":[],"overriddenFields":[]},{"@type":"mtTaskParameter","id":199058293,"name":"$TGT_Roles$","type":"TARGET","label":"Par_Conn_DB_IDMC","description":"","uiProperties":{"cnxtype":"Oracle","connectionParameterized":"true","paramName":"Par_Conn_DB_IDMC","paramLabel":"","paramType-mapping":"Connection","logcnx":"Par_Conn_DB_IDMC","objlabel":"Par_TGT_IDMC_ROLES","origobjlabel":"","objectParameterized":"true","objDesc":"","objectParamName":"Par_TGT_IDMC_ROLES","objectParamType-mapping":"DataObject","defaultTargetUpdateColumns":"ENVIRONMENT","supportApplyDDLChanges":"true","originalPath":"TGT_Roles"},"targetConnectionId":"@0kmm4ZfPTVXbfO81Zsyd0k","targetObject":"IDMC_ROLES","targetObjectLabel":"IDMC_ROLES","newFlatFile":false,"newObject":false,"showBusinessNames":true,"naturalOrder":true,"truncateTarget":false,"bulkApiDBTarget":false,"operationType":"Delete","customFuncCfg":{"@type":"customFuncConfig","id":-1,"connections":[],"inputMap":[],"outputFields":[]},"targetRefsV2":{},"targetUpdateColumns":["ENVIRONMENT"],"extendedObject":{"@type":"extendedObject","singleMode":true,"filters":[],"sortFields":[]},"runtimeAttrs":{},"isRESTModernSource":true,"isFileList":false,"handleSpecialChars":false,"handleDecimalRoundOff":false,"frsAsset":false,"dynamicFileName":false,"excludeDynamicFileNameField":false,"currentlyProcessedFileName":false,"retainFieldMetadata":false,"objectName":"IDMC_ROLES","objectLabel":"IDMC_ROLES","useExactSrcNames":false,"tgtObjectAttributes":{},"targetSchemaMode":"DONT_APPLY_CHANGES","runtimeParameterData":{"@type":"mtTaskRuntimeParameterData","isConnectionRuntimeParameter":true,"isObjectRuntimeParameter":true,"connectionParameterName":"Par_Conn_DB_IDMC","objectParameterName":"Par_TGT_IDMC_ROLES","objectDefaultValue":"IDMC_ROLES"},"overridableProperties":[],"overriddenFields":[]},{"@type":"mtTaskParameter","id":199058294,"name":"$TGT_Users$","type":"TARGET","label":"Par_Conn_DB_IDMC","description":"","uiProperties":{"cnxtype":"Oracle","connectionParameterized":"true","paramName":"Par_Conn_DB_IDMC","paramLabel":"","paramType-mapping":"Connection","logcnx":"Par_Conn_DB_IDMC","objlabel":"Par_TGT_IDMC_USERS","origobjlabel":"","objectParameterized":"true","objDesc":"","objectParamName":"Par_TGT_IDMC_USERS","objectParamType-mapping":"DataObject","defaultTargetUpdateColumns":"ENVIRONMENT","supportApplyDDLChanges":"true","originalPath":"TGT_Users"},"targetConnectionId":"@0kmm4ZfPTVXbfO81Zsyd0k","targetObject":"IDMC_USERS","targetObjectLabel":"IDMC_USERS","newFlatFile":false,"newObject":false,"showBusinessNames":true,"naturalOrder":true,"truncateTarget":false,"bulkApiDBTarget":false,"operationType":"Delete","customFuncCfg":{"@type":"customFuncConfig","id":-1,"connections":[],"inputMap":[],"outputFields":[]},"targetRefsV2":{},"targetUpdateColumns":["ENVIRONMENT"],"extendedObject":{"@type":"extendedObject","singleMode":true,"filters":[],"sortFields":[]},"runtimeAttrs":{},"isRESTModernSource":true,"isFileList":false,"handleSpecialChars":false,"handleDecimalRoundOff":false,"frsAsset":false,"dynamicFileName":false,"excludeDynamicFileNameField":false,"currentlyProcessedFileName":false,"retainFieldMetadata":false,"objectName":"IDMC_USERS","objectLabel":"IDMC_USERS","useExactSrcNames":false,"tgtObjectAttributes":{},"targetSchemaMode":"DONT_APPLY_CHANGES","runtimeParameterData":{"@type":"mtTaskRuntimeParameterData","isConnectionRuntimeParameter":true,"isObjectRuntimeParameter":true,"connectionParameterName":"Par_Conn_DB_IDMC","objectParameterName":"Par_TGT_IDMC_USERS","objectDefaultValue":"IDMC_USERS"},"overridableProperties":[],"overriddenFields":[]},{"@type":"mtTaskParameter","id":199058295,"name":"$TGT_UsersRoles$","type":"TARGET","label":"Par_Conn_DB_IDMC","description":"","uiProperties":{"cnxtype":"Oracle","connectionParameterized":"true","paramName":"Par_Conn_DB_IDMC","paramLabel":"","paramType-mapping":"Connection","logcnx":"Par_Conn_DB_IDMC","objlabel":"Par_TGT_IDMC_USERS_ROLES","origobjlabel":"","objectParameterized":"true","objDesc":"","objectParamName":"Par_TGT_IDMC_USERS_ROLES","objectParamType-mapping":"DataObject","defaultTargetUpdateColumns":"ENVIRONMENT","supportApplyDDLChanges":"true","originalPath":"TGT_UsersRoles"},"targetConnectionId":"@0kmm4ZfPTVXbfO81Zsyd0k","targetObject":"IDMC_USERS_ROLES","targetObjectLabel":"IDMC_USERS_ROLES","newFlatFile":false,"newObject":false,"showBusinessNames":true,"naturalOrder":true,"truncateTarget":false,"bulkApiDBTarget":false,"operationType":"Delete","customFuncCfg":{"@type":"customFuncConfig","id":-1,"connections":[],"inputMap":[],"outputFields":[]},"targetRefsV2":{},"targetUpdateColumns":["ENVIRONMENT"],"extendedObject":{"@type":"extendedObject","singleMode":true,"filters":[],"sortFields":[]},"runtimeAttrs":{},"isRESTModernSource":true,"isFileList":false,"handleSpecialChars":false,"handleDecimalRoundOff":false,"frsAsset":false,"dynamicFileName":false,"excludeDynamicFileNameField":false,"currentlyProcessedFileName":false,"retainFieldMetadata":false,"objectName":"IDMC_USERS_ROLES","objectLabel":"IDMC_USERS_ROLES","useExactSrcNames":false,"tgtObjectAttributes":{},"targetSchemaMode":"DONT_APPLY_CHANGES","runtimeParameterData":{"@type":"mtTaskRuntimeParameterData","isConnectionRuntimeParameter":true,"isObjectRuntimeParameter":true,"connectionParameterName":"Par_Conn_DB_IDMC","objectParameterName":"Par_TGT_IDMC_USERS_ROLES","objectDefaultValue":"IDMC_USERS_ROLES"},"overridableProperties":[],"overriddenFields":[]},{"@type":"mtTaskParameter","id":199058296,"name":"$LKP_ActivityLog$","type":"LOOKUP","label":"Par_Conn_DB_IDMC","description":"","uiProperties":{"cnxtype":"Oracle","connectionParameterized":"true","paramName":"Par_Conn_DB_IDMC","paramLabel":"","paramType-mapping":"Connection","logcnx":"Par_Conn_DB_IDMC","isCachedLookup":"true","multipleMatchPolicy":"Use All Values","objlabel":"Par_TGT_IDMC_ACTIVITYLOG","origobjlabel":"","objectParameterized":"true","objDesc":"","objectParamName":"Par_TGT_IDMC_ACTIVITYLOG","objectParamType-mapping":"DataObject","originalPath":"LKP_ActivityLog"},"lookupConnectionId":"@0kmm4ZfPTVXbfO81Zsyd0k","lookupObject":"IDMC_ACTIVITYLOG","lookupObjectLabel":"IDMC_ACTIVITYLOG","newFlatFile":false,"newObject":false,"showBusinessNames":true,"naturalOrder":true,"truncateTarget":false,"bulkApiDBTarget":false,"customFuncCfg":{"@type":"customFuncConfig","id":-1,"connections":[],"inputMap":[],"outputFields":[]},"targetRefsV2":{},"targetUpdateColumns":[],"runtimeAttrs":{},"isRESTModernSource":true,"isFileList":false,"handleSpecialChars":false,"handleDecimalRoundOff":false,"frsAsset":false,"dynamicFileName":false,"excludeDynamicFileNameField":false,"currentlyProcessedFileName":false,"retainFieldMetadata":false,"objectName":"IDMC_ACTIVITYLOG","objectLabel":"IDMC_ACTIVITYLOG","useExactSrcNames":false,"tgtObjectAttributes":{},"runtimeParameterData":{"@type":"mtTaskRuntimeParameterData","isConnectionRuntimeParameter":true,"isObjectRuntimeParameter":false,"connectionParameterName":"Par_Conn_DB_IDMC","objectParameterName":"Par_TGT_IDMC_ACTIVITYLOG"},"overridableProperties":[],"overriddenFields":[]},{"@type":"mtTaskParameter","id":199058297,"name":"$LKP_ActivityLog_Entries$","type":"LOOKUP","label":"Par_Conn_DB_IDMC","description":"","uiProperties":{"cnxtype":"Oracle","connectionParameterized":"true","paramName":"Par_Conn_DB_IDMC","paramLabel":"","paramType-mapping":"Connection","logcnx":"Par_Conn_DB_IDMC","isCachedLookup":"true","multipleMatchPolicy":"Use All Values","objlabel":"Par_TGT_IDMC_ACTIVITYLOG_ENTRIES","origobjlabel":"","objectParameterized":"true","objDesc":"","objectParamName":"Par_TGT_IDMC_ACTIVITYLOG_ENTRIES","objectParamType-mapping":"DataObject","originalPath":"LKP_ActivityLog_Entries"},"lookupConnectionId":"@0kmm4ZfPTVXbfO81Zsyd0k","lookupObject":"IDMC_ACTIVITYLOG_ENTRIES","lookupObjectLabel":"IDMC_ACTIVITYLOG_ENTRIES","newFlatFile":false,"newObject":false,"showBusinessNames":true,"naturalOrder":true,"truncateTarget":false,"bulkApiDBTarget":false,"customFuncCfg":{"@type":"customFuncConfig","id":-1,"connections":[],"inputMap":[],"outputFields":[]},"targetRefsV2":{},"targetUpdateColumns":[],"runtimeAttrs":{},"isRESTModernSource":true,"isFileList":false,"handleSpecialChars":false,"handleDecimalRoundOff":false,"frsAsset":false,"dynamicFileName":false,"excludeDynamicFileNameField":false,"currentlyProcessedFileName":false,"retainFieldMetadata":false,"objectName":"IDMC_ACTIVITYLOG_ENTRIES","objectLabel":"IDMC_ACTIVITYLOG_ENTRIES","useExactSrcNames":false,"tgtObjectAttributes":{},"runtimeParameterData":{"@type":"mtTaskRuntimeParameterData","isConnectionRuntimeParameter":true,"isObjectRuntimeParameter":true,"connectionParameterName":"Par_Conn_DB_IDMC","objectParameterName":"Par_TGT_IDMC_ACTIVITYLOG_ENTRIES","objectDefaultValue":"IDMC_ACTIVITYLOG_ENTRIES"},"overridableProperties":[],"overriddenFields":[]},{"@type":"mtTaskParameter","id":199058298,"name":"$LKP_ActivityLog_TransformationEntries$","type":"LOOKUP","label":"Par_Conn_DB_IDMC","description":"","uiProperties":{"cnxtype":"Oracle","connectionParameterized":"true","paramName":"Par_Conn_DB_IDMC","paramLabel":"","paramType-mapping":"Connection","logcnx":"Par_Conn_DB_IDMC","isCachedLookup":"true","multipleMatchPolicy":"Use All Values","objlabel":"Par_TGT_IDMC_ACTIVITYLOG_TRANSFENTRIES","origobjlabel":"","objectParameterized":"true","objDesc":"","objectParamName":"Par_TGT_IDMC_ACTIVITYLOG_TRANSFENTRIES","objectParamType-mapping":"DataObject","originalPath":"LKP_ActivityLog_TransformationEntries"},"lookupConnectionId":"@0kmm4ZfPTVXbfO81Zsyd0k","lookupObject":"IDMC_ACTIVITYLOG_TRANSFENTRIES","lookupObjectLabel":"IDMC_ACTIVITYLOG_TRANSFENTRIES","newFlatFile":false,"newObject":false,"showBusinessNames":true,"naturalOrder":true,"truncateTarget":false,"bulkApiDBTarget":false,"customFuncCfg":{"@type":"customFuncConfig","id":-1,"connections":[],"inputMap":[],"outputFields":[]},"targetRefsV2":{},"targetUpdateColumns":[],"runtimeAttrs":{},"isRESTModernSource":true,"isFileList":false,"handleSpecialChars":false,"handleDecimalRoundOff":false,"frsAsset":false,"dynamicFileName":false,"excludeDynamicFileNameField":false,"currentlyProcessedFileName":false,"retainFieldMetadata":false,"objectName":"IDMC_ACTIVITYLOG_TRANSFENTRIES","objectLabel":"IDMC_ACTIVITYLOG_TRANSFENTRIES","useExactSrcNames":false,"tgtObjectAttributes":{},"runtimeParameterData":{"@type":"mtTaskRuntimeParameterData","isConnectionRuntimeParameter":true,"isObjectRuntimeParameter":true,"connectionParameterName":"Par_Conn_DB_IDMC","objectParameterName":"Par_TGT_IDMC_ACTIVITYLOG_TRANSFENTRIES","objectDefaultValue":"IDMC_ACTIVITYLOG_TRANSFENTRIES"},"overridableProperties":[],"overriddenFields":[]},{"@type":"mtTaskParameter","id":199058299,"name":"$LKP_IPUUsage$","type":"LOOKUP","label":"Par_Conn_DB_IDMC","description":"","uiProperties":{"cnxtype":"Oracle","connectionParameterized":"true","paramName":"Par_Conn_DB_IDMC","paramLabel":"","paramType-mapping":"Connection","logcnx":"Par_Conn_DB_IDMC","isCachedLookup":"true","multipleMatchPolicy":"Use All Values","objlabel":"Par_TGT_IDMC_IPU_USAGE","origobjlabel":"","objectParameterized":"true","objDesc":"","objectParamName":"Par_TGT_IDMC_IPU_USAGE","objectParamType-mapping":"DataObject","originalPath":"LKP_IPUUsage"},"lookupConnectionId":"@0kmm4ZfPTVXbfO81Zsyd0k","lookupObject":"IDMC_IPU_USAGE","lookupObjectLabel":"IDMC_IPU_USAGE","newFlatFile":false,"newObject":false,"showBusinessNames":true,"naturalOrder":true,"truncateTarget":false,"bulkApiDBTarget":false,"customFuncCfg":{"@type":"customFuncConfig","id":-1,"connections":[],"inputMap":[],"outputFields":[]},"targetRefsV2":{},"targetUpdateColumns":[],"runtimeAttrs":{},"isRESTModernSource":true,"isFileList":false,"handleSpecialChars":false,"handleDecimalRoundOff":false,"frsAsset":false,"dynamicFileName":false,"excludeDynamicFileNameField":false,"currentlyProcessedFileName":false,"retainFieldMetadata":false,"objectName":"IDMC_IPU_USAGE","objectLabel":"IDMC_IPU_USAGE","useExactSrcNames":false,"tgtObjectAttributes":{},"runtimeParameterData":{"@type":"mtTaskRuntimeParameterData","isConnectionRuntimeParameter":true,"isObjectRuntimeParameter":true,"connectionParameterName":"Par_Conn_DB_IDMC","objectParameterName":"Par_TGT_IDMC_IPU_USAGE","objectDefaultValue":"IDMC_IPU_USAGE"},"overridableProperties":[],"overriddenFields":[]}],"sequences":[],"inOutParameters":[{"@type":"mtTaskInOutParameter","id":"-1","name":"Environment","description":"","initialValue":"PRD","datatype":"STRING","precision":"255","scale":"0","retentionPolicy":"NEVER","aggregationType":"MAX","currentValue":"PRD"},{"@type":"mtTaskInOutParameter","id":"-1","name":"CleanUp_ActivityLog","description":"","initialValue":"N","datatype":"STRING","precision":"10","scale":"0","retentionPolicy":"NEVER","aggregationType":"MAX","currentValue":"N"},{"@type":"mtTaskInOutParameter","id":"-1","name":"CleanUp_ActivityLog_Entries","description":"","initialValue":"N","datatype":"STRING","precision":"10","scale":"0","retentionPolicy":"NEVER","aggregationType":"MAX","currentValue":"N"},{"@type":"mtTaskInOutParameter","id":"-1","name":"CleanUp_ActivityLog_TransformationEntries","description":"","initialValue":"N","datatype":"STRING","precision":"10","scale":"0","retentionPolicy":"NEVER","aggregationType":"MAX","currentValue":"N"},{"@type":"mtTaskInOutParameter","id":"-1","name":"CleanUp_IPUUsage","description":"","initialValue":"N","datatype":"STRING","precision":"10","scale":"0","retentionPolicy":"NEVER","aggregationType":"MAX","currentValue":"N"},{"@type":"mtTaskInOutParameter","id":"-1","name":"Truncate_CommitHistory","description":"","initialValue":"N","datatype":"STRING","precision":"10","scale":"0","retentionPolicy":"NEVER","aggregationType":"MAX","currentValue":"N"},{"@type":"mtTaskInOutParameter","id":"-1","name":"Truncate_CommitChanges","description":"","initialValue":"N","datatype":"STRING","precision":"10","scale":"0","retentionPolicy":"NEVER","aggregationType":"MAX","currentValue":"N"},{"@type":"mtTaskInOutParameter","id":"-1","name":"Truncate_CommitPath","description":"","initialValue":"N","datatype":"STRING","precision":"10","scale":"0","retentionPolicy":"NEVER","aggregationType":"MAX","currentValue":"N"},{"@type":"mtTaskInOutParameter","id":"-1","name":"Truncate_ExportMeteringData","description":"","initialValue":"N","datatype":"STRING","precision":"10","scale":"0","retentionPolicy":"NEVER","aggregationType":"MAX","currentValue":"N"},{"@type":"mtTaskInOutParameter","id":"-1","name":"Truncate_Groups","description":"","initialValue":"N","datatype":"STRING","precision":"10","scale":"0","retentionPolicy":"NEVER","aggregationType":"MAX","currentValue":"N"},{"@type":"mtTaskInOutParameter","id":"-1","name":"Truncate_GroupsUsers","description":"","initialValue":"N","datatype":"STRING","precision":"10","scale":"0","retentionPolicy":"NEVER","aggregationType":"MAX","currentValue":"N"},{"@type":"mtTaskInOutParameter","id":"-1","name":"Truncate_GroupsRoles","description":"","initialValue":"N","datatype":"STRING","precision":"10","scale":"0","retentionPolicy":"NEVER","aggregationType":"MAX","currentValue":"N"},{"@type":"mtTaskInOutParameter","id":"-1","name":"Truncate_Roles","description":"","initialValue":"N","datatype":"STRING","precision":"10","scale":"0","retentionPolicy":"NEVER","aggregationType":"MAX","currentValue":"N"},{"@type":"mtTaskInOutParameter","id":"-1","name":"Truncate_Users","description":"","initialValue":"N","datatype":"STRING","precision":"10","scale":"0","retentionPolicy":"NEVER","aggregationType":"MAX","currentValue":"N"},{"@type":"mtTaskInOutParameter","id":"-1","name":"Truncate_UsersRoles","description":"","initialValue":"N","datatype":"STRING","precision":"10","scale":"0","retentionPolicy":"NEVER","aggregationType":"MAX","currentValue":"N"},{"@type":"mtTaskInOutParameter","id":"-1","name":"Truncate_Connection","description":"","initialValue":"N","datatype":"STRING","precision":"10","scale":"0","retentionPolicy":"NEVER","aggregationType":"MAX","currentValue":"N"}],"connRuntimeAttrs":[]}]