[{"@type":"mtTask","id":"@1","name":"mt_IDMC_Login","description":"","runtimeEnvironmentId":"@7r6471UG3g8hMoBWLSWwmq","maxLogs":10,"verbose":false,"lastRunTime":1694704771000,"mappingId":"@9xVjsvkCia0eJ1WASYDUKW","frsGuid":"92n6lE2R4eObSrRGs2hcss","shortDescription":"","sessionPropertiesList":[{"name":"Allow Temporary Sequence for Pushdown","value":"NO","recommended":false},{"name":"Allow Temporary View for Pushdown","value":"NO","recommended":false},{"name":"Pushdown Optimization","value":"None","recommended":false},{"name":"Pushdown Optimization Context","value":"None","recommended":false},{"name":"Pushdown Optimization Fallback Option","value":"Partial PDO","recommended":false}],"enableCrossSchemaPushdown":true,"enableParallelRun":true,"autoTunedApplied":false,"autoTunedAppliedType":"NONE","parameterFileName":"reports_RestAPI.param","parameterFileDir":"C:/IICS/ParFiles","paramFileType":"PARAM_FILE_LOCAL","schemaMode":"async","valid":true,"schemaValidationErrorCount":-1,"parameterFileEncoding":"UTF-8","serverlessProperties":{},"taskProperties":[{"@type":"taskProperty","name":"parameterFileDir","currentValue":"C:/IICS/ParFiles","type":"STRING","label":"label.parameterFileDir","required":false},{"@type":"taskProperty","name":"parameterFileName","currentValue":"reports_RestAPI.param","type":"STRING","label":"label.parameterFileName","required":false}],"parameters":[{"@type":"mtTaskParameter","id":198593481,"name":"$SRC_Login$","type":"EXTENDED_SOURCE","label":"Par_Conn_FF_SRC","description":"","uiProperties":{"cnxtype":"CSVFile","connectionParameterized":"true","paramName":"Par_Conn_FF_SRC","paramLabel":"","paramType-mapping":"Connection","logcnx":"Par_Conn_FF_SRC","isSelectDistinct":"false","isMsrcFilterParameterized":"false","isMsrcSortParameterized":"false","objlabel":"Par_SRC_FF_Login","origobjlabel":"","objectParameterized":"true","objDesc":"","objectParamName":"Par_SRC_FF_Login","objectParamType-mapping":"DataObject","originalPath":"SRC_Login"},"sourceConnectionId":"@90wlWHyWI6UeRnqkOZJNG0","newFlatFile":false,"newObject":false,"showBusinessNames":true,"naturalOrder":true,"truncateTarget":false,"bulkApiDBTarget":false,"customFuncCfg":{"@type":"customFuncConfig","id":-1,"connections":[],"inputMap":[],"outputFields":[]},"targetRefsV2":{},"targetUpdateColumns":[],"extendedObject":{"@type":"extendedObject","object":{"@type":"mObject","name":"Login.csv","label":"Login.csv","metadataUpdated":false,"relations":[],"children":[]},"singleMode":true,"objects":[{"@type":"mObject","name":"Login.csv","label":"Login.csv","metadataUpdated":false,"relations":[],"children":[]}],"filters":[],"sortFields":[]},"runtimeAttrs":{},"isRESTModernSource":true,"isFileList":false,"handleSpecialChars":false,"handleDecimalRoundOff":false,"frsAsset":false,"dynamicFileName":false,"excludeDynamicFileNameField":false,"currentlyProcessedFileName":false,"retainFieldMetadata":false,"useExactSrcNames":false,"tgtObjectAttributes":{},"runtimeParameterData":{"@type":"mtTaskRuntimeParameterData","isConnectionRuntimeParameter":true,"isObjectRuntimeParameter":true,"connectionParameterName":"Par_Conn_FF_SRC","objectParameterName":"Par_SRC_FF_Login","objectDefaultValue":"Login.csv"},"overridableProperties":[{"@type":"overridableProperty","id":"defaultPrecision","labelKey":"SRC_Login_defaultPrecision","type":"integer","hidden":false,"required":false,"defaultValue":"","renderingHints":{}},{"@type":"overridableProperty","id":"defaultScale","labelKey":"SRC_Login_defaultScale","type":"integer","hidden":false,"required":false,"defaultValue":"","renderingHints":{}},{"@type":"overridableProperty","id":"defaultNativeDataType","labelKey":"SRC_Login_defaultNativeDataType","type":"string","hidden":false,"required":false,"defaultValue":"","renderingHints":{}}],"overriddenFields":[]},{"@type":"mtTaskParameter","id":198593482,"name":"$TGT_Infa_Session_ID$","type":"TARGET","label":"Par_Conn_DB_IDMC","description":"","uiProperties":{"cnxtype":"Oracle","connectionParameterized":"true","paramName":"Par_Conn_DB_IDMC","paramLabel":"","paramType-mapping":"Connection","logcnx":"Par_Conn_DB_IDMC","objlabel":"Par_SRC_IDMC_LOGIN","origobjlabel":"","objectParameterized":"true","objDesc":"","objectParamName":"Par_SRC_IDMC_LOGIN","objectParamType-mapping":"DataObject","defaultTargetUpdateColumns":"","supportApplyDDLChanges":"true","originalPath":"TGT_Infa_Session_ID"},"targetConnectionId":"@0kmm4ZfPTVXbfO81Zsyd0k","targetObject":"IDMC_LOGIN","targetObjectLabel":"IDMC_LOGIN","newFlatFile":false,"newObject":false,"showBusinessNames":true,"naturalOrder":true,"truncateTarget":true,"bulkApiDBTarget":false,"operationType":"Insert","customFuncCfg":{"@type":"customFuncConfig","id":-1,"connections":[],"inputMap":[],"outputFields":[]},"targetRefsV2":{},"targetUpdateColumns":[],"extendedObject":{"@type":"extendedObject","singleMode":true,"filters":[],"sortFields":[]},"runtimeAttrs":{},"isRESTModernSource":true,"isFileList":false,"handleSpecialChars":false,"handleDecimalRoundOff":false,"frsAsset":false,"dynamicFileName":false,"excludeDynamicFileNameField":false,"currentlyProcessedFileName":false,"retainFieldMetadata":false,"objectName":"IDMC_LOGIN","objectLabel":"IDMC_LOGIN","useExactSrcNames":false,"tgtObjectAttributes":{},"targetSchemaMode":"DONT_APPLY_CHANGES","runtimeParameterData":{"@type":"mtTaskRuntimeParameterData","isConnectionRuntimeParameter":true,"isObjectRuntimeParameter":true,"connectionParameterName":"Par_Conn_DB_IDMC","objectParameterName":"Par_SRC_IDMC_LOGIN","objectDefaultValue":"IDMC_LOGIN"},"overridableProperties":[],"overriddenFields":[]},{"@type":"mtTaskParameter","id":198593483,"name":"$WS_Login$","type":"BUSINESS_SERVICE","label":"WS_Login","uiProperties":{"visible":"false","originalPath":"WS_Login"},"newFlatFile":false,"newObject":false,"showBusinessNames":true,"naturalOrder":true,"truncateTarget":false,"bulkApiDBTarget":false,"customFuncCfg":{"@type":"customFuncConfig","id":-1,"connections":[],"inputMap":[],"outputFields":[]},"targetRefsV2":{},"targetUpdateColumns":[],"runtimeAttrs":{},"isRESTModernSource":true,"isFileList":false,"handleSpecialChars":false,"handleDecimalRoundOff":false,"frsAsset":false,"dynamicFileName":false,"excludeDynamicFileNameField":false,"currentlyProcessedFileName":false,"retainFieldMetadata":false,"useExactSrcNames":false,"businessServiceData":{"@type":"businessServiceData","businessServiceId":"@6lgaOTTzJINdiqnDzDdWwS","operationId":"@6lgaOTTzJINdiqnDzDdWwS@login"},"tgtObjectAttributes":{},"runtimeParameterData":{"@type":"mtTaskRuntimeParameterData","isConnectionRuntimeParameter":false,"isObjectRuntimeParameter":false},"overridableProperties":[],"overriddenFields":[]}],"sequences":[],"inOutParameters":[],"connRuntimeAttrs":[]}]